date,away_team,home_team,p_home_win,p_away_win,is_fallback
2024-10-22,NYK,BOS,0.4489,0.5511,False
2024-10-22,MIN,LAL,0.5862,0.4138,False
2024-10-23,CLE,TOR,0.5552,0.4448,False
2024-10-23,ORL,MIA,0.4668,0.5332,False
2024-10-23,CHI,NOP,0.3809,0.6191,False
2024-10-23,BKN,ATL,0.5634,0.4366,False
2024-10-23,MIL,PHI,0.539,0.461,False
2024-10-23,MEM,UTA,0.6253,0.3747,False
2024-10-23,GSW,POR,0.5191,0.4809,False
2024-10-23,PHX,LAC,0.5877,0.4123,False
2024-10-23,IND,DET,0.6088,0.3912,False
2024-10-23,CHA,HOU,0.6628,0.3372,False
2024-10-24,BOS,WAS,0.5,0.5,True
2024-10-24,SAS,DAL,0.7278,0.2722,False
2024-10-24,OKC,DEN,0.5194,0.4806,False
2024-10-24,MIN,SAC,0.5,0.5,True
2024-10-25,PHI,TOR,0.5,0.5,True
2024-10-25,BKN,ORL,0.5,0.5,True
2024-10-25,NOP,POR,0.5,0.5,True
2024-10-25,CHI,MIL,0.5,0.5,True
2024-10-25,GSW,UTA,0.5,0.5,True
2024-10-25,CHA,ATL,0.5,0.5,True
2024-10-25,MEM,HOU,0.5,0.5,True
2024-10-25,PHX,LAL,0.5,0.5,True
2024-10-25,DET,CLE,0.5,0.5,True
2024-10-25,IND,NYK,0.5,0.5,True
2024-10-26,OKC,CHI,0.5,0.5,True
2024-10-26,SAC,LAL,0.5,0.5,True
2024-10-26,DAL,PHX,0.5,0.5,True
2024-10-26,ORL,MEM,0.4854,0.5146,False
2024-10-26,BOS,DET,0.4227,0.5773,False
2024-10-26,LAC,DEN,0.5,0.5,True
2024-10-26,HOU,SAS,0.5,0.5,True
2024-10-26,CLE,WAS,0.5,0.5,True
2024-10-26,TOR,MIN,0.6782,0.3218,False
2024-10-26,MIA,CHA,0.5,0.5,True
2024-10-27,PHI,IND,0.67,0.33,False
2024-10-27,LAC,GSW,0.7462,0.2538,False
2024-10-27,MIL,BKN,0.4739,0.5261,False
2024-10-27,NOP,POR,0.3331,0.6669,False
2024-10-27,ATL,OKC,0.6221,0.3779,False
2024-10-28,WAS,ATL,0.6853,0.3147,False
2024-10-28,UTA,DAL,0.6326,0.3674,False
2024-10-28,DET,MIA,0.5177,0.4823,False
2024-10-28,MIL,BOS,0.6673,0.3327,False
2024-10-28,CLE,NYK,0.3474,0.6526,False
2024-10-28,IND,ORL,0.6927,0.3073,False
2024-10-28,POR,SAC,0.6488,0.3512,False
2024-10-28,HOU,SAS,0.4802,0.5198,False
2024-10-28,CHI,MEM,0.5335,0.4665,False
2024-10-28,DEN,TOR,0.5929,0.4071,False
2024-10-28,LAL,PHX,0.5275,0.4725,False
2024-10-29,NOP,GSW,0.7161,0.2839,False
2024-10-29,DAL,MIN,0.5545,0.4455,False
2024-10-29,DEN,BKN,0.5801,0.4199,False
2024-10-29,SAC,UTA,0.4858,0.5142,False
2024-10-30,ORL,CHI,0.5541,0.4459,False
2024-10-30,SAS,OKC,0.6656,0.3344,False
2024-10-30,DET,PHI,0.5628,0.4372,False
2024-10-30,BKN,MEM,0.5582,0.4418,False
2024-10-30,POR,LAC,0.5303,0.4697,False
2024-10-30,NOP,GSW,0.6972,0.3028,False
2024-10-30,LAL,CLE,0.6157,0.3843,False
2024-10-30,BOS,IND,0.4304,0.5696,False
2024-10-30,NYK,MIA,0.5337,0.4663,False
2024-10-30,ATL,WAS,0.5129,0.4871,False
2024-10-30,TOR,CHA,0.5723,0.4277,False
2024-10-31,SAS,UTA,0.4487,0.5513,False
2024-10-31,MIL,MEM,0.6461,0.3539,False
2024-10-31,PHX,LAC,0.5863,0.4137,False
2024-10-31,HOU,DAL,0.5127,0.4873,False
2024-11-01,LAL,TOR,0.525,0.475,False
2024-11-01,BOS,CHA,0.4957,0.5043,False
2024-11-01,NYK,DET,0.49,0.51,False
2024-11-01,DEN,MIN,0.6167,0.3833,False
2024-11-01,IND,NOP,0.4887,0.5113,False
2024-11-01,ORL,CLE,0.6575,0.3425,False
2024-11-01,SAC,ATL,0.4733,0.5267,False
2024-11-01,OKC,POR,0.4911,0.5089,False
2024-11-01,CHI,BKN,0.6273,0.3727,False
2024-11-02,BOS,CHA,0.5398,0.4602,False
2024-11-02,CLE,MIL,0.4364,0.5636,False
2024-11-02,GSW,HOU,0.5531,0.4469,False
2024-11-02,OKC,LAC,0.4924,0.5076,False
2024-11-02,UTA,DEN,0.6448,0.3552,False
2024-11-02,POR,PHX,0.6395,0.3605,False
2024-11-02,MEM,PHI,0.594,0.406,False
2024-11-02,SAC,TOR,0.476,0.524,False
2024-11-02,MIN,SAS,0.5175,0.4825,False
2024-11-03,ORL,DAL,0.5947,0.4053,False
2024-11-03,ATL,NOP,0.5297,0.4703,False
2024-11-03,DET,BKN,0.5942,0.4058,False
2024-11-04,MEM,BKN,0.5973,0.4027,False
2024-11-04,SAC,MIA,0.5529,0.4471,False
2024-11-04,CHA,MIN,0.5804,0.4196,False
2024-11-04,IND,DAL,0.5798,0.4202,False
2024-11-04,LAL,DET,0.5904,0.4096,False
2024-11-04,PHI,PHX,0.6011,0.3989,False
2024-11-04,SAS,LAC,0.5346,0.4654,False
2024-11-04,NYK,HOU,0.5907,0.4093,False
2024-11-04,TOR,DEN,0.6066,0.3934,False
2024-11-04,MIL,CLE,0.7294,0.2706,False
2024-11-04,BOS,ATL,0.4841,0.5159,False
2024-11-04,ORL,OKC,0.6826,0.3174,False
2024-11-04,POR,NOP,0.6012,0.3988,False
2024-11-04,UTA,CHI,0.6729,0.3271,False
2024-11-04,GSW,WAS,0.4403,0.5597,False
2024-11-06,TOR,SAC,0.5877,0.4123,False
2024-11-06,NYK,ATL,0.49,0.51,False
2024-11-06,PHI,LAC,0.6006,0.3994,False
2024-11-06,LAL,MEM,0.7057,0.2943,False
2024-11-06,ORL,IND,0.6428,0.3572,False
2024-11-06,OKC,DEN,0.5292,0.4708,False
2024-11-06,SAS,HOU,0.498,0.502,False
2024-11-06,CLE,NOP,0.521,0.479,False
2024-11-06,GSW,BOS,0.5898,0.4102,False
2024-11-06,DET,CHA,0.5477,0.4523,False
2024-11-06,CHI,DAL,0.6283,0.3717,False
2024-11-06,MIA,PHX,0.6103,0.3897,False
2024-11-07,UTA,MIL,0.6227,0.3773,False
2024-11-07,MIN,CHI,0.5386,0.4614,False
2024-11-07,POR,SAS,0.6369,0.3631,False
2024-11-08,BKN,BOS,0.6738,0.3262,False
2024-11-08,WAS,MEM,0.5747,0.4253,False
2024-11-08,MIL,NYK,0.6253,0.3747,False
2024-11-08,GSW,CLE,0.5274,0.4726,False
2024-11-08,IND,CHA,0.4946,0.5054,False
2024-11-08,POR,MIN,0.5711,0.4289,False
2024-11-08,ATL,DET,0.661,0.339,False
2024-11-08,LAC,SAC,0.5848,0.4152,False
2024-11-08,NOP,ORL,0.5512,0.4488,False
2024-11-08,PHX,DAL,0.5865,0.4135,False
2024-11-08,HOU,OKC,0.6211,0.3789,False
2024-11-08,MIA,DEN,0.6615,0.3385,False
2024-11-08,PHI,LAL,0.6088,0.3912,False
2024-11-09,CHI,ATL,0.5691,0.4309,False
2024-11-09,BKN,CLE,0.6265,0.3735,False
2024-11-09,TOR,LAC,0.6161,0.3839,False
2024-11-09,UTA,SAS,0.5256,0.4744,False
2024-11-10,MEM,POR,0.5505,0.4495,False
2024-11-10,HOU,DET,0.5035,0.4965,False
2024-11-10,SAC,PHX,0.5451,0.4549,False
2024-11-10,TOR,LAL,0.5341,0.4659,False
2024-11-10,CHA,PHI,0.591,0.409,False
2024-11-10,WAS,ORL,0.5013,0.4987,False
2024-11-10,MIA,MIN,0.6633,0.3367,False
2024-11-10,BOS,MIL,0.5635,0.4365,False
2024-11-10,DAL,DEN,0.5417,0.4583,False
2024-11-10,NYK,IND,0.6542,0.3458,False
2024-11-10,GSW,OKC,0.5482,0.4518,False
2024-11-11,WAS,HOU,0.6766,0.3234,False
2024-11-11,CLE,CHI,0.4032,0.5968,False
2024-11-11,SAC,SAS,0.5149,0.4851,False
2024-11-11,LAC,OKC,0.5619,0.4381,False
2024-11-11,BKN,NOP,0.5027,0.4973,False
2024-11-12,DAL,GSW,0.4879,0.5121,False
2024-11-12,TOR,MIL,0.615,0.385,False
2024-11-12,CHA,ORL,0.5672,0.4328,False
2024-11-12,NYK,PHI,0.466,0.534,False
2024-11-12,PHX,UTA,0.5315,0.4685,False
2024-11-12,MIA,DET,0.6088,0.3912,False
2024-11-12,ATL,BOS,0.557,0.443,False
2024-11-12,MIN,POR,0.3683,0.6317,False
2024-11-13,CHI,NYK,0.6005,0.3995,False
2024-11-13,NOP,OKC,0.6681,0.3319,False
2024-11-13,PHX,SAC,0.5855,0.4145,False
2024-11-13,MIN,POR,0.3335,0.6665,False
2024-11-13,IND,ORL,0.717,0.283,False
2024-11-13,CLE,PHI,0.4823,0.5177,False
2024-11-13,MEM,LAL,0.4489,0.5511,False
2024-11-13,LAC,HOU,0.5037,0.4963,False
2024-11-13,BOS,BKN,0.524,0.476,False
2024-11-13,DET,MIL,0.4934,0.5066,False
2024-11-13,WAS,SAS,0.7143,0.2857,False
2024-11-14,DAL,UTA,0.5231,0.4769,False
2024-11-15,WAS,ATL,0.641,0.359,False
2024-11-15,MIA,IND,0.5582,0.4418,False
2024-11-15,DET,TOR,0.5186,0.4814,False
2024-11-15,MIN,SAC,0.5913,0.4087,False
2024-11-15,PHI,ORL,0.7144,0.2856,False
2024-11-15,MEM,GSW,0.3776,0.6224,False
2024-11-15,BKN,NYK,0.5871,0.4129,False
2024-11-15,LAC,HOU,0.6267,0.3733,False
2024-11-15,DEN,NOP,0.4566,0.5434,False
2024-11-15,CHI,CLE,0.5766,0.4234,False
2024-11-15,PHX,OKC,0.5561,0.4439,False
2024-11-15,LAL,SAS,0.5435,0.4565,False
2024-11-16,MIL,CHA,0.5877,0.4123,False
2024-11-16,UTA,SAC,0.5918,0.4082,False
2024-11-16,SAS,DAL,0.4922,0.5078,False
2024-11-16,TOR,BOS,0.6578,0.3422,False
2024-11-16,LAL,NOP,0.4606,0.5394,False
2024-11-17,CHA,CLE,0.6683,0.3317,False
2024-11-17,UTA,LAC,0.5567,0.4433,False
2024-11-17,DAL,OKC,0.6475,0.3525,False
2024-11-17,DET,WAS,0.5117,0.4883,False
2024-11-17,PHX,MIN,0.5541,0.4459,False
2024-11-17,BKN,NYK,0.652,0.348,False
2024-11-17,MIA,IND,0.607,0.393,False
2024-11-17,DEN,MEM,0.6261,0.3739,False
2024-11-17,HOU,CHI,0.5,0.5,False
2024-11-17,ATL,POR,0.5159,0.4841,False
2024-11-18,CHI,DET,0.6122,0.3878,False
2024-11-18,IND,TOR,0.5717,0.4283,False
2024-11-18,HOU,MIL,0.5437,0.4563,False
2024-11-18,PHI,MIA,0.6481,0.3519,False
2024-11-18,ATL,SAC,0.5847,0.4153,False
2024-11-18,WAS,NYK,0.6203,0.3797,False
2024-11-18,GSW,LAC,0.4576,0.5424,False
2024-11-18,ORL,PHX,0.4024,0.5976,False
2024-11-19,CHA,BKN,0.5685,0.4315,False
2024-11-19,UTA,LAL,0.6033,0.3967,False
2024-11-19,OKC,SAS,0.5001,0.4999,False
2024-11-19,NOP,DAL,0.6377,0.3623,False
2024-11-19,DEN,MEM,0.5531,0.4469,False
2024-11-19,CLE,BOS,0.5685,0.4315,False
2024-11-20,POR,OKC,0.5384,0.4616,False
2024-11-20,IND,HOU,0.7089,0.2911,False
2024-11-20,NYK,PHX,0.4789,0.5211,False
2024-11-20,NOP,CLE,0.6492,0.3508,False
2024-11-20,ATL,GSW,0.566,0.434,False
2024-11-20,ORL,LAC,0.5062,0.4938,False
2024-11-20,CHI,MIL,0.7082,0.2918,False
2024-11-20,PHI,MEM,0.6439,0.3561,False
2024-11-21,UTA,SAS,0.5543,0.4457,False
2024-11-21,DET,CHA,0.4813,0.5187,False
2024-11-21,ORL,LAL,0.5484,0.4516,False
2024-11-21,MIN,TOR,0.5621,0.4379,False
2024-11-22,GSW,NOP,0.4408,0.5592,False
2024-11-22,DAL,DEN,0.47,0.53,False
2024-11-22,POR,HOU,0.6367,0.3633,False
2024-11-22,IND,MIL,0.5799,0.4201,False
2024-11-22,BOS,WAS,0.4193,0.5807,False
2024-11-22,ATL,CHI,0.5126,0.4874,False
2024-11-22,SAC,LAC,0.604,0.396,False
2024-11-22,BKN,PHI,0.5199,0.4801,False
2024-11-23,POR,HOU,0.6154,0.3846,False
2024-11-23,GSW,SAS,0.4923,0.5077,False
2024-11-23,MEM,CHI,0.554,0.446,False
2024-11-23,DET,ORL,0.5433,0.4567,False
2024-11-23,CHA,MIL,0.6417,0.3583,False
2024-11-23,DEN,LAL,0.6055,0.3945,False
2024-11-23,NYK,UTA,0.4316,0.5684,False
2024-11-24,WAS,IND,0.6218,0.3782,False
2024-11-24,LAC,PHI,0.4715,0.5285,False
2024-11-24,BKN,SAC,0.6049,0.3951,False
2024-11-24,DAL,MIA,0.4718,0.5282,False
2024-11-24,MIN,BOS,0.5664,0.4336,False
2024-11-24,TOR,CLE,0.5788,0.4212,False
2024-11-25,DAL,ATL,0.4053,0.5947,False
2024-11-25,LAC,BOS,0.5446,0.4554,False
2024-11-25,NYK,DEN,0.4822,0.5178,False
2024-11-25,OKC,SAC,0.5468,0.4532,False
2024-11-25,TOR,DET,0.4928,0.5072,False
2024-11-25,ORL,CHA,0.6019,0.3981,False
2024-11-25,BKN,GSW,0.6652,0.3348,False
2024-11-25,NOP,IND,0.667,0.333,False
2024-11-25,POR,MEM,0.6472,0.3528,False
2024-11-26,MIL,MIA,0.5248,0.4752,False
2024-11-26,SAS,UTA,0.5038,0.4962,False
2024-11-26,CHI,WAS,0.4826,0.5174,False
2024-11-26,HOU,MIN,0.4494,0.5506,False
2024-11-26,LAL,PHX,0.5273,0.4727,False
2024-11-27,LAL,SAS,0.6782,0.3218,False
2024-11-27,DET,MEM,0.6331,0.3669,False
2024-11-27,BKN,PHX,0.5242,0.4758,False
2024-11-27,HOU,PHI,0.5382,0.4618,False
2024-11-27,OKC,GSW,0.548,0.452,False
2024-11-27,TOR,NOP,0.5137,0.4863,False
2024-11-27,DEN,UTA,0.5328,0.4672,False
2024-11-27,LAC,WAS,0.4065,0.5935,False
2024-11-27,POR,IND,0.6287,0.3713,False
2024-11-27,CHI,ORL,0.5951,0.4049,False
2024-11-27,SAC,MIN,0.6082,0.3918,False
2024-11-27,ATL,CLE,0.7186,0.2814,False
2024-11-27,MIA,CHA,0.5116,0.4884,False
2024-11-27,NYK,DAL,0.5574,0.4426,False
2024-11-29,DET,IND,0.6302,0.3698,False
2024-11-29,SAC,POR,0.5886,0.4114,False
2024-11-29,TOR,MIA,0.6158,0.3842,False
2024-11-29,NOP,MEM,0.6821,0.3179,False
2024-11-29,NYK,CHA,0.511,0.489,False
2024-11-29,BOS,CHI,0.5618,0.4382,False
2024-11-29,LAC,MIN,0.5603,0.4397,False
2024-11-29,CLE,ATL,0.4056,0.5944,False
2024-11-29,ORL,BKN,0.5391,0.4609,False
2024-11-29,OKC,LAL,0.3676,0.6324,False
2024-11-30,DAL,UTA,0.5623,0.4377,False
2024-11-30,PHI,DET,0.5482,0.4518,False
2024-11-30,ATL,CHA,0.5272,0.4728,False
2024-11-30,GSW,PHX,0.6505,0.3495,False
2024-11-30,WAS,MIL,0.6888,0.3112,False
2024-12-01,LAL,UTA,0.5156,0.4844,False
2024-12-01,BOS,CLE,0.4916,0.5084,False
2024-12-01,IND,MEM,0.6511,0.3489,False
2024-12-01,MIA,TOR,0.6222,0.3778,False
2024-12-01,SAS,SAC,0.4949,0.5051,False
2024-12-01,NOP,NYK,0.6731,0.3269,False
2024-12-01,OKC,HOU,0.4973,0.5027,False
2024-12-01,ORL,BKN,0.5643,0.4357,False
2024-12-01,DEN,LAC,0.5578,0.4422,False
2024-12-01,DAL,POR,0.4222,0.5778,False
2024-12-02,LAL,MIN,0.4993,0.5007,False
2024-12-02,MIA,BOS,0.6369,0.3631,False
2024-12-02,BKN,CHI,0.6096,0.3904,False
2024-12-02,NOP,ATL,0.7252,0.2748,False
2024-12-03,WAS,CLE,0.6153,0.3847,False
2024-12-03,ORL,NYK,0.4423,0.5577,False
2024-12-03,MEM,DAL,0.5634,0.4366,False
2024-12-03,GSW,DEN,0.5787,0.4213,False
2024-12-03,POR,LAC,0.6265,0.3735,False
2024-12-03,SAS,PHX,0.6189,0.3811,False
2024-12-03,HOU,SAC,0.5435,0.4565,False
2024-12-03,UTA,OKC,0.6706,0.3294,False
2024-12-03,MIL,DET,0.5524,0.4476,False
2024-12-03,PHI,CHA,0.6383,0.3617,False
2024-12-03,IND,TOR,0.647,0.353,False
2024-12-04,ATL,MIL,0.5497,0.4503,False
2024-12-04,ORL,PHI,0.5111,0.4889,False
2024-12-04,IND,BKN,0.5952,0.4048,False
2024-12-04,DET,BOS,0.5617,0.4383,False
2024-12-04,LAL,MIA,0.6081,0.3919,False
2024-12-04,MIN,LAC,0.5898,0.4102,False
2024-12-05,DAL,WAS,0.4414,0.5586,False
2024-12-05,HOU,GSW,0.5115,0.4885,False
2024-12-05,CHA,NYK,0.6611,0.3389,False
2024-12-05,DEN,CLE,0.5018,0.4982,False
2024-12-05,PHX,NOP,0.4644,0.5356,False
2024-12-05,SAC,MEM,0.6597,0.3403,False
2024-12-05,CHI,SAS,0.5837,0.4163,False
2024-12-05,OKC,TOR,0.545,0.455,False
2024-12-06,IND,CHI,0.6733,0.3267,False
2024-12-06,SAC,SAS,0.5346,0.4654,False
2024-12-06,MIN,GSW,0.4643,0.5357,False
2024-12-06,MIL,BOS,0.5319,0.4681,False
2024-12-06,LAL,ATL,0.6667,0.3333,False
2024-12-06,ORL,PHI,0.6413,0.3587,False
2024-12-06,UTA,POR,0.6067,0.3933,False
2024-12-07,PHX,MIA,0.4695,0.5305,False
2024-12-07,DET,NYK,0.7577,0.2423,False
2024-12-07,OKC,NOP,0.3921,0.6079,False
2024-12-07,CLE,CHA,0.4561,0.5439,False
2024-12-07,DEN,WAS,0.469,0.531,False
2024-12-07,MEM,BOS,0.6057,0.3943,False
2024-12-07,DAL,TOR,0.5725,0.4275,False
2024-12-08,PHI,CHI,0.6599,0.3401,False
2024-12-08,MIN,GSW,0.4371,0.5629,False
2024-12-08,HOU,LAC,0.6483,0.3517,False
2024-12-08,POR,LAL,0.4515,0.5485,False
2024-12-08,CLE,MIA,0.5146,0.4854,False
2024-12-08,DEN,ATL,0.6559,0.3441,False
2024-12-08,PHX,ORL,0.5283,0.4717,False
2024-12-08,CHA,IND,0.6013,0.3987,False
2024-12-08,UTA,SAC,0.6518,0.3482,False
2024-12-08,MIL,BKN,0.4604,0.5396,False
2024-12-08,NOP,SAS,0.5225,0.4775,False
2024-12-08,MEM,WAS,0.3953,0.6047,False
2024-12-09,NYK,TOR,0.4095,0.5905,False
2024-12-10,ORL,MIL,0.5264,0.4736,False
2024-12-10,DAL,OKC,0.6291,0.3709,False
2024-12-11,GSW,HOU,0.5658,0.4342,False
2024-12-11,ATL,NYK,0.5703,0.4297,False
2024-12-12,TOR,MIA,0.7802,0.2198,False
2024-12-12,DET,BOS,0.6875,0.3125,False
2024-12-12,SAC,NOP,0.5026,0.4974,False
2024-12-13,WAS,CLE,0.6978,0.3022,False
2024-12-13,CHA,CHI,0.6771,0.3229,False
2024-12-13,LAL,MIN,0.7673,0.2327,False
2024-12-13,IND,PHI,0.59,0.41,False
2024-12-13,PHX,UTA,0.6307,0.3693,False
2024-12-13,LAC,DEN,0.5261,0.4739,False
2024-12-13,SAS,POR,0.5113,0.4887,False
2024-12-13,BKN,MEM,0.6318,0.3682,False
2024-12-15,NYK,ORL,0.5666,0.4334,False
2024-12-15,NOP,IND,0.6254,0.3746,False
2024-12-15,DAL,GSW,0.4328,0.5672,False
2024-12-15,BOS,WAS,0.5255,0.4745,False
2024-12-15,MEM,LAL,0.5106,0.4894,False
2024-12-15,MIN,SAS,0.4965,0.5035,False
2024-12-15,POR,PHX,0.6542,0.3458,False
2024-12-16,CHI,TOR,0.579,0.421,False
2024-12-16,MIA,DET,0.5222,0.4778,False
2024-12-16,PHI,CHA,0.5055,0.4945,False
2024-12-16,DEN,SAC,0.6926,0.3074,False
2024-12-16,CLE,BKN,0.5631,0.4369,False
2024-12-16,UTA,LAC,0.4662,0.5338,False
2024-12-19,UTA,DET,0.6642,0.3358,False
2024-12-19,OKC,ORL,0.4516,0.5484,False
2024-12-19,CHA,WAS,0.5008,0.4992,False
2024-12-19,IND,PHX,0.5493,0.4507,False
2024-12-19,NYK,MIN,0.584,0.416,False
2024-12-19,NOP,HOU,0.5919,0.4081,False
2024-12-19,GSW,MEM,0.6558,0.3442,False
2024-12-19,ATL,SAS,0.6512,0.3488,False
2024-12-19,LAL,SAC,0.683,0.317,False
2024-12-19,LAC,DAL,0.6362,0.3638,False
2024-12-19,CHI,BOS,0.6035,0.3965,False
2024-12-19,BKN,TOR,0.5873,0.4127,False
2024-12-19,DEN,POR,0.4014,0.5986,False
2024-12-20,MIL,CLE,0.579,0.421,False
2024-12-20,OKC,MIA,0.5592,0.4408,False
2024-12-20,CHA,PHI,0.6229,0.3771,False
2024-12-21,DET,PHX,0.67,0.33,False
2024-12-21,LAL,SAC,0.5848,0.4152,False
2024-12-21,GSW,MIN,0.6628,0.3372,False
2024-12-21,WAS,MIL,0.6521,0.3479,False
2024-12-21,POR,SAS,0.5661,0.4339,False
2024-12-21,UTA,BKN,0.5709,0.4291,False
2024-12-21,MIA,ORL,0.5194,0.4806,False
2024-12-21,BOS,CHI,0.5052,0.4948,False
2024-12-21,NYK,NOP,0.5237,0.4763,False
2024-12-21,MEM,ATL,0.4888,0.5112,False
2024-12-21,LAC,DAL,0.5209,0.4791,False
2024-12-21,PHI,CLE,0.6647,0.3353,False
2024-12-22,DEN,NOP,0.4252,0.5748,False
2024-12-22,HOU,TOR,0.503,0.497,False
2024-12-22,IND,SAC,0.4676,0.5324,False
2024-12-23,MIL,CHI,0.6399,0.3601,False
2024-12-23,MIN,ATL,0.6006,0.3994,False
2024-12-23,LAC,MEM,0.5229,0.4771,False
2024-12-23,BOS,ORL,0.5181,0.4819,False
2024-12-23,HOU,CHA,0.4703,0.5297,False
2024-12-23,DET,LAL,0.6307,0.3693,False
2024-12-23,POR,DAL,0.5638,0.4362,False
2024-12-23,UTA,CLE,0.7541,0.2459,False
2024-12-23,TOR,NYK,0.6596,0.3404,False
2024-12-23,BKN,MIA,0.608,0.392,False
2024-12-23,IND,GSW,0.3663,0.6337,False
2024-12-23,WAS,OKC,0.6374,0.3626,False
2024-12-23,SAS,PHI,0.6538,0.3462,False
2024-12-23,PHX,DEN,0.5751,0.4249,False
2024-12-25,SAS,NYK,0.594,0.406,False
2024-12-25,DEN,PHX,0.5221,0.4779,False
2024-12-25,PHI,BOS,0.6507,0.3493,False
2024-12-25,MIN,DAL,0.6364,0.3636,False
2024-12-25,LAL,GSW,0.4232,0.5768,False
2024-12-26,DET,SAC,0.5264,0.4736,False
2024-12-26,TOR,MEM,0.7504,0.2496,False
2024-12-26,UTA,POR,0.4794,0.5206,False
2024-12-26,OKC,IND,0.6279,0.3721,False
2024-12-26,MIA,ORL,0.607,0.393,False
2024-12-26,HOU,NOP,0.4332,0.5668,False
2024-12-26,CHI,ATL,0.5547,0.4453,False
2024-12-26,CHA,WAS,0.6116,0.3884,False
2024-12-26,BKN,MIL,0.5512,0.4488,False
2024-12-27,IND,BOS,0.5412,0.4588,False
2024-12-27,MEM,NOP,0.492,0.508,False
2024-12-27,GSW,LAC,0.5785,0.4215,False
2024-12-27,CLE,DEN,0.5267,0.4733,False
2024-12-27,MIN,HOU,0.6672,0.3328,False
2024-12-27,SAS,BKN,0.4654,0.5346,False
2024-12-27,NYK,ORL,0.5472,0.4528,False
2024-12-27,DAL,PHX,0.3937,0.6063,False
2024-12-28,OKC,CHA,0.4513,0.5487,False
2024-12-28,DET,DEN,0.5805,0.4195,False
2024-12-28,MIL,CHI,0.376,0.624,False
2024-12-28,PHX,GSW,0.5927,0.4073,False
2024-12-28,NYK,WAS,0.4456,0.5544,False
2024-12-28,MIA,ATL,0.541,0.459,False
2024-12-28,DAL,POR,0.4035,0.5965,False
2024-12-28,SAC,LAL,0.6454,0.3546,False
2024-12-28,PHI,UTA,0.6194,0.3806,False
2024-12-29,IND,BOS,0.5491,0.4509,False
2024-12-29,SAS,MIN,0.5757,0.4243,False
2024-12-29,MEM,OKC,0.5752,0.4248,False
2024-12-29,MIA,HOU,0.5983,0.4017,False
2024-12-29,BKN,ORL,0.6061,0.3939,False
2024-12-29,ATL,TOR,0.473,0.527,False
2024-12-30,CHI,CHA,0.6099,0.3901,False
2024-12-30,NYK,WAS,0.462,0.538,False
2024-12-30,PHI,POR,0.4931,0.5069,False
2024-12-30,DEN,UTA,0.6058,0.3942,False
2024-12-30,CLE,GSW,0.4487,0.5513,False
2024-12-30,DAL,SAC,0.4884,0.5116,False
2024-12-30,LAC,NOP,0.5574,0.4426,False
2024-12-31,LAC,SAS,0.5521,0.4479,False
2024-12-31,MEM,PHX,0.4757,0.5243,False
2024-12-31,MIN,OKC,0.6043,0.3957,False
2024-12-31,TOR,BOS,0.7396,0.2604,False
2024-12-31,CLE,LAL,0.51,0.49,False
2024-12-31,MIL,IND,0.4248,0.5752,False
2025-01-01,ORL,DET,0.6416,0.3584,False
2025-01-01,ATL,DEN,0.5198,0.4802,False
2025-01-01,UTA,NYK,0.636,0.364,False
2025-01-01,DAL,HOU,0.608,0.392,False
2025-01-01,NOP,MIA,0.6036,0.3964,False
2025-01-01,BKN,TOR,0.4335,0.5665,False
2025-01-01,CHI,WAS,0.5628,0.4372,False
2025-01-01,PHI,SAC,0.5206,0.4794,False
2025-01-02,LAC,OKC,0.6257,0.3743,False
2025-01-02,POR,LAL,0.5818,0.4182,False
2025-01-02,BOS,MIN,0.5035,0.4965,False
2025-01-02,IND,MIA,0.626,0.374,False
2025-01-02,BKN,MIL,0.5701,0.4299,False
2025-01-02,PHI,GSW,0.4884,0.5116,False
2025-01-03,CLE,DAL,0.4479,0.5521,False
2025-01-03,SAS,DEN,0.6189,0.3811,False
2025-01-03,ATL,LAL,0.4727,0.5273,False
2025-01-03,NYK,OKC,0.5876,0.4124,False
2025-01-03,WAS,NOP,0.5999,0.4001,False
2025-01-03,BOS,HOU,0.4428,0.5572,False
2025-01-03,MEM,SAC,0.6104,0.3896,False
2025-01-03,ORL,TOR,0.4262,0.5738,False
2025-01-03,CHA,DET,0.5718,0.4282,False
2025-01-04,MEM,GSW,0.5832,0.4168,False
2025-01-04,DEN,SAS,0.5801,0.4199,False
2025-01-04,PHI,BKN,0.4767,0.5233,False
2025-01-04,MIN,DET,0.5811,0.4189,False
2025-01-04,POR,MIL,0.6166,0.3834,False
2025-01-04,PHX,IND,0.6108,0.3892,False
2025-01-04,ATL,LAC,0.4646,0.5354,False
2025-01-04,NYK,CHI,0.5082,0.4918,False
2025-01-04,UTA,MIA,0.6397,0.3603,False
2025-01-05,LAL,HOU,0.5943,0.4057,False
2025-01-05,CHA,CLE,0.6864,0.3136,False
2025-01-05,NOP,WAS,0.598,0.402,False
2025-01-05,UTA,ORL,0.6116,0.3884,False
2025-01-05,SAC,GSW,0.565,0.435,False
2025-01-05,BOS,OKC,0.4952,0.5048,False
2025-01-06,POR,DET,0.6723,0.3277,False
2025-01-06,IND,BKN,0.5263,0.4737,False
2025-01-06,MIA,SAC,0.597,0.403,False
2025-01-06,SAS,CHI,0.4444,0.5556,False
2025-01-06,LAC,MIN,0.6723,0.3277,False
2025-01-06,ORL,NYK,0.5872,0.4128,False
2025-01-06,PHX,PHI,0.4916,0.5084,False
2025-01-06,DAL,MEM,0.6176,0.3824,False
2025-01-06,MIL,TOR,0.4527,0.5473,False
2025-01-07,PHX,CHA,0.603,0.397,False
2025-01-07,HOU,WAS,0.6111,0.3889,False
2025-01-07,LAL,DAL,0.4429,0.5571,False
2025-01-07,BOS,DEN,0.5471,0.4529,False
2025-01-07,MIA,GSW,0.7704,0.2296,False
2025-01-07,ATL,UTA,0.693,0.307,False
2025-01-07,MIN,NOP,0.609,0.391,False
2025-01-08,SAS,MIL,0.5776,0.4224,False
2025-01-08,TOR,NYK,0.4803,0.5197,False
2025-01-08,CHI,IND,0.6624,0.3376,False
2025-01-08,OKC,CLE,0.5588,0.4412,False
2025-01-08,LAC,DEN,0.5728,0.4272,False
2025-01-08,DET,BKN,0.4657,0.5343,False
2025-01-08,WAS,PHI,0.6124,0.3876,False
2025-01-08,POR,NOP,0.6454,0.3546,False
2025-01-09,GSW,DET,0.6607,0.3393,False
2025-01-09,MIN,ORL,0.5898,0.4102,False
2025-01-09,TOR,CLE,0.7068,0.2932,False
2025-01-09,HOU,MEM,0.5977,0.4023,False
2025-01-09,POR,DAL,0.5107,0.4893,False
2025-01-09,MIA,UTA,0.7733,0.2267,False
2025-01-09,ATL,PHX,0.6581,0.3419,False
2025-01-10,GSW,IND,0.747,0.253,False
2025-01-10,NOP,PHI,0.6058,0.3942,False
2025-01-10,WAS,CHI,0.7024,0.2976,False
2025-01-10,BKN,DEN,0.6724,0.3276,False
2025-01-10,OKC,NYK,0.4625,0.5375,False
2025-01-10,MIL,ORL,0.5096,0.4904,False
2025-01-10,SAC,BOS,0.5005,0.4995,False
2025-01-11,MEM,MIN,0.575,0.425,False
2025-01-11,TOR,DET,0.701,0.299,False
2025-01-11,UTA,PHX,0.5474,0.4526,False
2025-01-11,MIA,POR,0.5803,0.4197,False
2025-01-12,OKC,WAS,0.4928,0.5072,False
2025-01-12,BKN,UTA,0.6289,0.3711,False
2025-01-12,NOP,BOS,0.6286,0.3714,False
2025-01-12,PHI,ORL,0.5669,0.4331,False
2025-01-12,CHA,PHX,0.5985,0.4015,False
2025-01-12,MIL,NYK,0.4766,0.5234,False
2025-01-12,SAC,CHI,0.45,0.55,False
2025-01-12,IND,CLE,0.5377,0.4623,False
2025-01-12,DEN,DAL,0.5589,0.4411,False
2025-01-13,MEM,HOU,0.6083,0.3917,False
2025-01-13,SAS,LAL,0.6361,0.3639,False
2025-01-13,DET,NYK,0.5105,0.4895,False
2025-01-13,GSW,TOR,0.5469,0.4531,False
2025-01-13,MIN,WAS,0.413,0.587,False
2025-01-13,MIA,LAC,0.5789,0.4211,False
2025-01-14,PHX,ATL,0.4669,0.5331,False
2025-01-14,BKN,POR,0.6833,0.3167,False
2025-01-14,CLE,IND,0.6119,0.3881,False
2025-01-14,OKC,PHI,0.5136,0.4864,False
2025-01-14,DEN,DAL,0.5305,0.4695,False
2025-01-14,NOP,CHI,0.6402,0.3598,False
2025-01-14,SAC,MIL,0.5605,0.4395,False
2025-01-15,NYK,PHI,0.5233,0.4767,False
2025-01-15,CHA,UTA,0.5305,0.4695,False
2025-01-15,GSW,MIN,0.6158,0.3842,False
2025-01-15,ORL,MIL,0.5388,0.4612,False
2025-01-15,BKN,LAC,0.5557,0.4443,False
2025-01-15,BOS,TOR,0.5463,0.4537,False
2025-01-15,HOU,DEN,0.5767,0.4233,False
2025-01-15,ATL,CHI,0.6498,0.3502,False
2025-01-15,DAL,NOP,0.5979,0.4021,False
2025-01-15,MIA,LAL,0.4494,0.5506,False
2025-01-15,MEM,SAS,0.5267,0.4733,False
2025-01-16,IND,DET,0.5135,0.4865,False
2025-01-16,HOU,SAC,0.6056,0.3944,False
2025-01-16,CLE,OKC,0.7323,0.2677,False
2025-01-16,LAC,POR,0.5326,0.4674,False
2025-01-16,PHX,WAS,0.3525,0.6475,False
2025-01-17,UTA,NOP,0.6016,0.3984,False
2025-01-17,ORL,BOS,0.5193,0.4807,False
2025-01-17,MIN,NYK,0.6108,0.3892,False
2025-01-17,MEM,SAS,0.5855,0.4145,False
2025-01-17,DEN,MIA,0.5227,0.4773,False
2025-01-17,CHA,CHI,0.5356,0.4644,False
2025-01-17,OKC,DAL,0.3506,0.6494,False
2025-01-17,TOR,MIL,0.5327,0.4673,False
2025-01-17,BKN,LAL,0.4151,0.5849,False
2025-01-18,HOU,POR,0.412,0.588,False
2025-01-18,CLE,MIN,0.6208,0.3792,False
2025-01-18,PHX,DET,0.5995,0.4005,False
2025-01-18,PHI,IND,0.6308,0.3692,False
2025-01-18,WAS,GSW,0.6647,0.3353,False
2025-01-18,ATL,BOS,0.5523,0.4477,False
2025-01-19,LAL,LAC,0.759,0.241,False
2025-01-19,PHI,MIL,0.7278,0.2722,False
2025-01-19,DEN,ORL,0.512,0.488,False
2025-01-19,WAS,SAC,0.6016,0.3984,False
2025-01-19,CHI,POR,0.5087,0.4913,False
2025-01-19,BKN,OKC,0.7334,0.2666,False
2025-01-19,SAS,MIA,0.4916,0.5084,False
2025-01-20,PHX,CLE,0.5427,0.4573,False
2025-01-20,MIN,MEM,0.5577,0.4423,False
2025-01-20,BOS,GSW,0.5287,0.4713,False
2025-01-20,DET,HOU,0.6152,0.3848,False
2025-01-20,UTA,NOP,0.6027,0.3973,False
2025-01-20,ATL,NYK,0.5154,0.4846,False
2025-01-20,DAL,CHA,0.6223,0.3777,False
2025-01-20,CHI,LAC,0.799,0.201,False
2025-01-21,NYK,BKN,0.4365,0.5635,False
2025-01-21,WAS,LAL,0.6307,0.3693,False
2025-01-21,PHI,DEN,0.6106,0.3894,False
2025-01-21,POR,MIA,0.6251,0.3749,False
2025-01-21,ORL,TOR,0.7333,0.2667,False
2025-01-22,CLE,HOU,0.6458,0.3542,False
2025-01-22,PHX,BKN,0.4687,0.5313,False
2025-01-22,MIN,DAL,0.5638,0.4362,False
2025-01-22,DET,ATL,0.6552,0.3448,False
2025-01-22,BOS,LAC,0.6191,0.3809,False
2025-01-22,GSW,SAC,0.5211,0.4789,False
2025-01-22,UTA,OKC,0.6522,0.3478,False
2025-01-22,CHA,MEM,0.6556,0.3444,False
2025-01-23,CHI,GSW,0.5221,0.4779,False
2025-01-23,DAL,OKC,0.6039,0.3961,False
2025-01-23,POR,ORL,0.4954,0.5046,False
2025-01-23,BOS,LAL,0.4421,0.5579,False
2025-01-23,WAS,LAC,0.6465,0.3535,False
2025-01-23,SAC,DEN,0.5824,0.4176,False
2025-01-23,TOR,ATL,0.5751,0.4249,False
2025-01-23,MIA,MIL,0.6757,0.3243,False
2025-01-24,POR,CHA,0.5433,0.4567,False
2025-01-24,CLE,PHI,0.4128,0.5872,False
2025-01-24,NOP,MEM,0.6135,0.3865,False
2025-01-25,TOR,ATL,0.5244,0.4756,False
2025-01-25,PHI,CHI,0.6909,0.3091,False
2025-01-25,BOS,DAL,0.443,0.557,False
2025-01-25,HOU,CLE,0.6,0.4,False
2025-01-25,LAL,GSW,0.4249,0.5751,False
2025-01-25,DEN,MIN,0.4355,0.5645,False
2025-01-25,MIA,BKN,0.4642,0.5358,False
2025-01-25,DET,ORL,0.4743,0.5257,False
2025-01-25,WAS,PHX,0.6318,0.3682,False
2025-01-25,UTA,MEM,0.6373,0.3627,False
2025-01-25,SAC,NYK,0.4748,0.5252,False
2025-01-25,NOP,CHA,0.5014,0.4986,False
2025-01-25,MIL,LAC,0.4408,0.5592,False
2025-01-26,OKC,POR,0.5649,0.4351,False
2025-01-27,DET,CLE,0.5039,0.4961,False
2025-01-27,NOP,TOR,0.6347,0.3653,False
2025-01-27,HOU,BOS,0.5584,0.4416,False
2025-01-27,SAC,BKN,0.5072,0.4928,False
2025-01-27,WAS,DAL,0.6777,0.3223,False
2025-01-27,MIL,UTA,0.4287,0.5713,False
2025-01-27,ATL,MIN,0.6006,0.3994,False
2025-01-27,LAC,PHX,0.5294,0.4706,False
2025-01-27,DEN,CHI,0.4243,0.5757,False
2025-01-27,MEM,NYK,0.5448,0.4552,False
2025-01-27,LAL,CHA,0.4256,0.5744,False
2025-01-27,ORL,MIA,0.5689,0.4311,False
2025-01-28,HOU,ATL,0.5028,0.4972,False
2025-01-28,UTA,GSW,0.6862,0.3138,False
2025-01-28,LAL,PHI,0.4115,0.5885,False
2025-01-28,MIL,POR,0.588,0.412,False
2025-01-29,DEN,NYK,0.6684,0.3316,False
2025-01-29,BKN,CHA,0.7065,0.2935,False
2025-01-29,OKC,GSW,0.6015,0.3985,False
2025-01-29,DET,IND,0.573,0.427,False
2025-01-29,LAC,SAS,0.4019,0.5981,False
2025-01-29,TOR,WAS,0.4284,0.5716,False
2025-01-29,CHI,BOS,0.6383,0.3617,False
2025-01-29,DAL,NOP,0.4876,0.5124,False
2025-01-29,MIN,PHX,0.5766,0.4234,False
2025-01-29,SAC,PHI,0.6875,0.3125,False
2025-01-29,CLE,MIA,0.5371,0.4629,False
2025-01-30,HOU,MEM,0.6397,0.3603,False
2025-01-30,ATL,CLE,0.6857,0.3143,False
2025-01-30,ORL,POR,0.5977,0.4023,False
2025-01-30,MIN,UTA,0.3771,0.6229,False
2025-01-30,LAL,WAS,0.4493,0.5507,False
2025-01-31,MIL,SAS,0.4352,0.5648,False
2025-01-31,PHX,GSW,0.5414,0.4586,False
2025-01-31,LAC,CHA,0.6107,0.3893,False
2025-01-31,DEN,PHI,0.715,0.285,False
2025-01-31,CHI,TOR,0.662,0.338,False
2025-01-31,DAL,DET,0.4908,0.5092,False
2025-01-31,BOS,NOP,0.4334,0.5666,False
2025-02-01,BKN,HOU,0.6447,0.3553,False
2025-02-01,ORL,UTA,0.502,0.498,False
2025-02-01,SAC,OKC,0.5963,0.4037,False
2025-02-01,PHX,POR,0.5918,0.4082,False
2025-02-01,ATL,IND,0.6572,0.3428,False
2025-02-01,DEN,CHA,0.5511,0.4489,False
2025-02-01,WAS,MIN,0.703,0.297,False
2025-02-01,MIA,SAS,0.4531,0.5469,False
2025-02-01,LAL,NYK,0.7301,0.2699,False
2025-02-02,MEM,MIL,0.6132,0.3868,False
2025-02-02,BOS,PHI,0.5877,0.4123,False
2025-02-02,LAC,TOR,0.632,0.368,False
2025-02-02,CHI,DET,0.5094,0.4906,False
2025-02-02,DAL,CLE,0.6077,0.3923,False
2025-02-03,IND,UTA,0.4116,0.5884,False
2025-02-03,ATL,DET,0.6461,0.3539,False
2025-02-03,SAS,MEM,0.4469,0.5531,False
2025-02-03,MIL,OKC,0.6728,0.3272,False
2025-02-03,HOU,NYK,0.6834,0.3166,False
2025-02-03,SAC,MIN,0.6468,0.3532,False
2025-02-03,WAS,CHA,0.6503,0.3497,False
2025-02-03,NOP,DEN,0.5802,0.4198,False
2025-02-03,PHX,POR,0.6349,0.3651,False
2025-02-03,ORL,GSW,0.6887,0.3113,False
2025-02-04,LAL,LAC,0.567,0.433,False
2025-02-04,NYK,TOR,0.5993,0.4007,False
2025-02-04,IND,POR,0.6368,0.3632,False
2025-02-04,DAL,PHI,0.6149,0.3851,False
2025-02-04,HOU,BKN,0.6149,0.3851,False
2025-02-04,MIA,CHI,0.5848,0.4152,False
2025-02-04,BOS,CLE,0.613,0.387,False
2025-02-05,ORL,SAC,0.5581,0.4419,False
2025-02-05,MEM,TOR,0.5131,0.4869,False
2025-02-05,SAS,ATL,0.4318,0.5682,False
2025-02-05,MIL,CHA,0.636,0.364,False
2025-02-05,CLE,DET,0.4592,0.5408,False
2025-02-05,MIA,PHI,0.592,0.408,False
2025-02-05,PHX,OKC,0.615,0.385,False
2025-02-05,WAS,BKN,0.7239,0.2761,False
2025-02-05,NOP,DEN,0.5946,0.4054,False
2025-02-05,GSW,UTA,0.5917,0.4083,False
2025-02-05,CHI,MIN,0.6149,0.3851,False
2025-02-06,IND,LAC,0.5511,0.4489,False
2025-02-06,HOU,MIN,0.6061,0.3939,False
2025-02-06,DAL,BOS,0.7286,0.2714,False
2025-02-06,ORL,DEN,0.6481,0.3519,False
2025-02-06,GSW,LAL,0.7353,0.2647,False
2025-02-06,SAC,POR,0.6925,0.3075,False
2025-02-07,PHI,DET,0.5999,0.4001,False
2025-02-07,TOR,OKC,0.7189,0.2811,False
2025-02-07,MIA,BKN,0.6283,0.3717,False
2025-02-07,UTA,PHX,0.4844,0.5156,False
2025-02-07,CLE,WAS,0.4989,0.5011,False
2025-02-07,MIL,ATL,0.6595,0.3405,False
2025-02-07,SAS,CHA,0.5899,0.4101,False
2025-02-08,OKC,MEM,0.5053,0.4947,False
2025-02-08,DEN,PHX,0.3972,0.6028,False
2025-02-08,NOP,SAC,0.5619,0.4381,False
2025-02-08,BOS,NYK,0.5049,0.4951,False
2025-02-08,SAS,ORL,0.6434,0.3566,False
2025-02-08,IND,LAL,0.7153,0.2847,False
2025-02-08,ATL,WAS,0.6328,0.3672,False
2025-02-08,POR,MIN,0.5443,0.4557,False
2025-02-08,GSW,CHI,0.5736,0.4264,False
2025-02-08,UTA,LAC,0.4895,0.5105,False
2025-02-08,HOU,DAL,0.4709,0.5291,False
2025-02-09,PHI,MIL,0.5304,0.4696,False
2025-02-09,CHA,DET,0.6085,0.3915,False
2025-02-09,TOR,HOU,0.6178,0.3822,False
2025-02-10,BOS,MIA,0.5747,0.4253,False
2025-02-10,CHA,BKN,0.5546,0.4454,False
2025-02-10,SAS,WAS,0.5806,0.4194,False
2025-02-10,MIN,CLE,0.4764,0.5236,False
2025-02-10,SAC,DAL,0.6378,0.3622,False
2025-02-10,POR,DEN,0.624,0.376,False
2025-02-10,GSW,MIL,0.6037,0.3963,False
2025-02-10,NOP,OKC,0.754,0.246,False
2025-02-10,UTA,LAL,0.6589,0.3411,False
2025-02-10,ATL,ORL,0.5552,0.4448,False
2025-02-11,DET,CHI,0.5251,0.4749,False
2025-02-11,TOR,PHI,0.6208,0.3792,False
2025-02-11,NYK,IND,0.4922,0.5078,False
2025-02-11,MEM,PHX,0.3856,0.6144,False
2025-02-12,SAC,NOP,0.5048,0.4952,False
2025-02-12,MIA,OKC,0.649,0.351,False
2025-02-12,IND,WAS,0.5139,0.4861,False
2025-02-12,LAL,UTA,0.4663,0.5337,False
2025-02-12,CLE,TOR,0.4978,0.5022,False
2025-02-12,MEM,LAC,0.4379,0.5621,False
2025-02-12,ATL,NYK,0.472,0.528,False
2025-02-12,CHA,ORL,0.5327,0.4673,False
2025-02-12,MIL,MIN,0.6416,0.3584,False
2025-02-12,PHX,HOU,0.5287,0.4713,False
2025-02-12,GSW,DAL,0.5882,0.4118,False
2025-02-12,DET,CHI,0.4073,0.5927,False
2025-02-12,SAS,BOS,0.6235,0.3765,False
2025-02-12,PHI,BKN,0.6241,0.3759,False
2025-02-12,POR,DEN,0.6827,0.3173,False
2025-02-13,OKC,MIN,0.4318,0.5682,False
2025-02-13,MIA,DAL,0.6725,0.3275,False
2025-02-13,GSW,HOU,0.4734,0.5266,False
2025-02-13,SAC,NOP,0.4541,0.5459,False
2025-02-13,LAC,UTA,0.4401,0.5599,False
2025-02-19,CHA,LAL,0.6721,0.3279,False
2025-02-20,ORL,ATL,0.633,0.367,False
2025-02-20,LAC,MIL,0.4734,0.5266,False
2025-02-20,MEM,IND,0.5349,0.4651,False
2025-02-20,BOS,PHI,0.4297,0.5703,False
2025-02-20,LAL,POR,0.4311,0.5689,False
2025-02-20,PHX,SAS,0.6468,0.3532,False
2025-02-20,CHA,DEN,0.7275,0.2725,False
2025-02-20,CLE,BKN,0.5478,0.4522,False
2025-02-20,CHI,NYK,0.6766,0.3234,False
2025-02-21,MIA,TOR,0.6376,0.3624,False
2025-02-21,DET,SAS,0.4443,0.5557,False
2025-02-21,MIL,WAS,0.5345,0.4655,False
2025-02-21,GSW,SAC,0.5685,0.4315,False
2025-02-21,MEM,ORL,0.6146,0.3854,False
2025-02-21,NOP,DAL,0.686,0.314,False
2025-02-21,NYK,CLE,0.6475,0.3525,False
2025-02-21,MIN,HOU,0.6512,0.3488,False
2025-02-21,OKC,UTA,0.4212,0.5788,False
2025-02-22,LAL,DEN,0.6957,0.3043,False
2025-02-22,BKN,PHI,0.5256,0.4744,False
2025-02-22,HOU,UTA,0.5867,0.4133,False
2025-02-22,PHX,CHI,0.4582,0.5418,False
2025-02-22,CHA,POR,0.507,0.493,False
2025-02-23,DET,ATL,0.4275,0.5725,False
2025-02-23,WAS,ORL,0.6525,0.3475,False
2025-02-23,PHX,TOR,0.5638,0.4362,False
2025-02-23,OKC,MIN,0.6012,0.3988,False
2025-02-23,LAC,IND,0.4976,0.5024,False
2025-02-23,DAL,GSW,0.5579,0.4421,False
2025-02-23,MEM,CLE,0.7209,0.2791,False
2025-02-23,MIA,MIL,0.6346,0.3654,False
2025-02-23,SAS,NOP,0.5693,0.4307,False
2025-02-23,NYK,BOS,0.6226,0.3774,False
2025-02-24,BKN,WAS,0.5852,0.4148,False
2025-02-24,MIN,OKC,0.5654,0.4346,False
2025-02-24,DEN,IND,0.5544,0.4456,False
2025-02-24,LAC,DET,0.6535,0.3465,False
2025-02-24,POR,UTA,0.545,0.455,False
2025-02-24,CHI,PHI,0.554,0.446,False
2025-02-24,CHA,SAC,0.6013,0.3987,False
2025-02-24,MIA,ATL,0.5545,0.4455,False
2025-02-25,SAS,NOP,0.5864,0.4136,False
2025-02-25,CHA,GSW,0.7757,0.2243,False
2025-02-25,MIL,HOU,0.537,0.463,False
2025-02-25,PHX,MEM,0.5601,0.4399,False
2025-02-25,DAL,LAL,0.5445,0.4555,False
2025-02-25,CLE,ORL,0.464,0.536,False
2025-02-25,BOS,TOR,0.4086,0.5914,False
2025-02-26,SAC,UTA,0.6048,0.3952,False
2025-02-26,BOS,DET,0.5304,0.4696,False
2025-02-26,TOR,IND,0.6279,0.3721,False
2025-02-26,PHI,NYK,0.534,0.466,False
2025-02-26,ATL,MIA,0.6107,0.3893,False
2025-02-26,SAS,HOU,0.6401,0.3599,False
2025-02-26,LAC,CHI,0.6138,0.3862,False
2025-02-26,POR,WAS,0.4036,0.5964,False
2025-02-26,OKC,BKN,0.4657,0.5343,False
2025-02-27,CHA,DAL,0.7461,0.2539,False
2025-02-27,MIN,LAL,0.6741,0.3259,False
2025-02-27,DEN,MIL,0.6082,0.3918,False
2025-02-27,GSW,ORL,0.4943,0.5057,False
2025-02-27,NOP,PHX,0.5117,0.4883,False
2025-02-28,NOP,PHX,0.4489,0.5511,False
2025-02-28,POR,BKN,0.4137,0.5863,False
2025-02-28,MIN,UTA,0.5996,0.4004,False
2025-02-28,LAC,LAL,0.7034,0.2966,False
2025-02-28,DEN,DET,0.6531,0.3469,False
2025-02-28,NYK,MEM,0.6695,0.3305,False
2025-02-28,CLE,BOS,0.5195,0.4805,False
2025-02-28,OKC,ATL,0.5912,0.4088,False
2025-02-28,IND,MIA,0.5041,0.4959,False
2025-02-28,TOR,CHI,0.6127,0.3873,False
2025-03-01,GSW,PHI,0.3323,0.6677,False
2025-03-01,SAS,MEM,0.618,0.382,False
2025-03-01,BKN,DET,0.68,0.32,False
2025-03-01,MIL,DAL,0.4761,0.5239,False
2025-03-01,SAC,HOU,0.5136,0.4864,False
2025-03-01,WAS,CHA,0.4055,0.5945,False
2025-03-02,POR,CLE,0.6645,0.3355,False
2025-03-02,NOP,UTA,0.4918,0.5082,False
2025-03-02,OKC,SAS,0.5081,0.4919,False
2025-03-02,TOR,ORL,0.5943,0.4057,False
2025-03-02,MIN,PHX,0.5604,0.4396,False
2025-03-02,NYK,MIA,0.6049,0.3951,False
2025-03-02,LAC,LAL,0.6253,0.3747,False
2025-03-02,DEN,BOS,0.5429,0.4571,False
2025-03-02,CHI,IND,0.5301,0.4699,False
2025-03-03,WAS,MIA,0.6413,0.3587,False
2025-03-03,HOU,OKC,0.597,0.403,False
2025-03-03,DET,UTA,0.5184,0.4816,False
2025-03-03,GSW,CHA,0.3603,0.6397,False
2025-03-03,SAC,DAL,0.4176,0.5824,False
2025-03-03,POR,PHI,0.4093,0.5907,False
2025-03-03,ATL,MEM,0.6177,0.3823,False
2025-03-04,MIL,ATL,0.4631,0.5369,False
2025-03-04,GSW,NYK,0.5859,0.4141,False
2025-03-04,NOP,LAL,0.622,0.378,False
2025-03-04,BKN,SAS,0.603,0.397,False
2025-03-04,LAC,PHX,0.586,0.414,False
2025-03-04,TOR,ORL,0.5297,0.4703,False
2025-03-04,PHI,MIN,0.5411,0.4589,False
2025-03-04,CLE,CHI,0.4674,0.5326,False
2025-03-04,HOU,IND,0.5955,0.4045,False
2025-03-05,OKC,MEM,0.4845,0.5155,False
2025-03-05,POR,BOS,0.4637,0.5363,False
2025-03-05,UTA,WAS,0.603,0.397,False
2025-03-05,SAC,DEN,0.5137,0.4863,False
2025-03-05,MIA,CLE,0.5897,0.4103,False
2025-03-05,DET,LAC,0.5237,0.4763,False
2025-03-05,DAL,MIL,0.6515,0.3485,False
2025-03-05,MIN,CHA,0.4718,0.5282,False
2025-03-06,NYK,LAL,0.5816,0.4184,False
2025-03-06,GSW,BKN,0.4396,0.5604,False
2025-03-06,IND,ATL,0.5081,0.4919,False
2025-03-06,PHI,BOS,0.5935,0.4065,False
2025-03-06,HOU,NOP,0.596,0.404,False
2025-03-06,CHI,ORL,0.5648,0.4352,False
2025-03-07,UTA,TOR,0.6371,0.3629,False
2025-03-07,CLE,CHA,0.4232,0.5768,False
2025-03-07,SAS,SAC,0.6786,0.3214,False
2025-03-07,NYK,LAC,0.5641,0.4359,False
2025-03-07,PHX,DEN,0.5951,0.4049,False
2025-03-07,MEM,DAL,0.4853,0.5147,False
2025-03-07,POR,OKC,0.593,0.407,False
2025-03-07,MIN,MIA,0.526,0.474,False
2025-03-08,DET,GSW,0.5271,0.4729,False
2025-03-08,LAL,BOS,0.5464,0.4536,False
2025-03-08,WAS,TOR,0.5793,0.4207,False
2025-03-08,BKN,CHA,0.5774,0.4226,False
2025-03-08,ORL,MIL,0.633,0.367,False
2025-03-08,NOP,HOU,0.5557,0.4443,False
2025-03-08,IND,ATL,0.4892,0.5108,False
2025-03-08,CHI,MIA,0.682,0.318,False
2025-03-09,DEN,OKC,0.6439,0.3561,False
2025-03-09,CLE,MIL,0.5868,0.4132,False
2025-03-09,DET,POR,0.533,0.467,False
2025-03-09,MEM,NOP,0.5342,0.4658,False
2025-03-09,SAS,MIN,0.6359,0.3641,False
2025-03-09,PHX,DAL,0.4746,0.5254,False
2025-03-09,UTA,PHI,0.5688,0.4312,False
2025-03-09,SAC,LAC,0.5396,0.4604,False
2025-03-10,NYK,SAC,0.6375,0.3625,False
2025-03-10,POR,GSW,0.6614,0.3386,False
2025-03-10,ORL,HOU,0.5775,0.4225,False
2025-03-10,PHX,MEM,0.5734,0.4266,False
2025-03-10,DEN,OKC,0.6316,0.3684,False
2025-03-10,LAL,BKN,0.4612,0.5388,False
2025-03-10,IND,CHI,0.5058,0.4942,False
2025-03-10,UTA,BOS,0.6651,0.3349,False
2025-03-10,PHI,ATL,0.6468,0.3532,False
2025-03-10,WAS,TOR,0.6334,0.3666,False
2025-03-10,CHA,MIA,0.5931,0.4069,False
2025-03-10,DAL,SAS,0.6596,0.3404,False
2025-03-11,MIL,IND,0.4751,0.5249,False
2025-03-11,BKN,CLE,0.5908,0.4092,False
2025-03-11,WAS,DET,0.5267,0.4733,False
2025-03-11,LAC,NOP,0.4092,0.5908,False
2025-03-12,MIN,DEN,0.4935,0.5065,False
2025-03-12,PHX,HOU,0.6513,0.3487,False
2025-03-12,UTA,MEM,0.6411,0.3589,False
2025-03-12,DAL,SAS,0.5299,0.4701,False
2025-03-12,LAC,MIA,0.5258,0.4742,False
2025-03-12,PHI,TOR,0.6262,0.3738,False
2025-03-12,NYK,POR,0.5339,0.4661,False
2025-03-12,OKC,BOS,0.5425,0.4575,False
2025-03-12,CHA,ATL,0.5826,0.4174,False
2025-03-13,BKN,CHI,0.5934,0.4066,False
2025-03-13,WAS,DET,0.606,0.394,False
2025-03-13,LAL,MIL,0.5495,0.4505,False
2025-03-13,SAC,GSW,0.5443,0.4557,False
2025-03-13,ORL,NOP,0.4917,0.5083,False
2025-03-14,BOS,MIA,0.5127,0.4873,False
2025-03-14,ORL,MIN,0.631,0.369,False
2025-03-14,TOR,UTA,0.5122,0.4878,False
2025-03-14,LAC,ATL,0.613,0.387,False
2025-03-14,DAL,HOU,0.6937,0.3063,False
2025-03-14,IND,PHI,0.6048,0.3952,False
2025-03-14,SAC,PHX,0.6612,0.3388,False
2025-03-14,CHA,SAS,0.504,0.496,False
2025-03-14,CLE,MEM,0.5434,0.4566,False
2025-03-14,LAL,DEN,0.5712,0.4288,False
2025-03-15,WAS,DEN,0.6472,0.3528,False
2025-03-15,NOP,SAS,0.5834,0.4166,False
2025-03-15,BOS,BKN,0.5664,0.4336,False
2025-03-15,NYK,GSW,0.5635,0.4365,False
2025-03-15,CHI,HOU,0.5576,0.4424,False
2025-03-15,OKC,DET,0.6126,0.3874,False
2025-03-15,MIA,MEM,0.6382,0.3618,False
2025-03-15,IND,MIL,0.5783,0.4217,False
2025-03-16,PHI,DAL,0.6086,0.3914,False
2025-03-16,CHA,LAC,0.6202,0.3798,False
2025-03-16,OKC,MIL,0.6274,0.3726,False
2025-03-16,ATL,BKN,0.4807,0.5193,False
2025-03-16,ORL,CLE,0.6,0.4,False
2025-03-16,PHX,LAL,0.5301,0.4699,False
2025-03-16,UTA,MIN,0.6966,0.3034,False
2025-03-16,TOR,POR,0.4541,0.5459,False
2025-03-17,PHI,HOU,0.7246,0.2754,False
2025-03-17,CHI,UTA,0.4707,0.5293,False
2025-03-17,MEM,SAC,0.438,0.562,False
2025-03-17,WAS,POR,0.5898,0.4102,False
2025-03-17,SAS,LAL,0.5092,0.4908,False
2025-03-17,MIA,NYK,0.7026,0.2974,False
2025-03-17,IND,MIN,0.6005,0.3995,False
2025-03-17,TOR,PHX,0.5395,0.4605,False
2025-03-17,DET,NOP,0.5059,0.4941,False
2025-03-17,DEN,GSW,0.6983,0.3017,False
2025-03-18,CLE,LAC,0.6342,0.3658,False
2025-03-18,ATL,CHA,0.5808,0.4192,False
2025-03-18,BKN,BOS,0.6086,0.3914,False
2025-03-18,MIL,GSW,0.582,0.418,False
2025-03-19,CHI,PHX,0.5792,0.4208,False
2025-03-19,DEN,LAL,0.5845,0.4155,False
2025-03-19,NYK,SAS,0.5599,0.4401,False
2025-03-19,MEM,POR,0.5095,0.4905,False
2025-03-19,DAL,IND,0.6864,0.3136,False
2025-03-19,DET,MIA,0.4704,0.5296,False
2025-03-19,NOP,MIN,0.7065,0.2935,False
2025-03-19,WAS,UTA,0.4674,0.5326,False
2025-03-19,CLE,SAC,0.447,0.553,False
2025-03-19,HOU,ORL,0.498,0.502,False
2025-03-19,PHI,OKC,0.6239,0.3761,False
2025-03-20,CHI,SAC,0.5209,0.4791,False
2025-03-20,TOR,GSW,0.5325,0.4675,False
2025-03-20,BKN,IND,0.542,0.458,False
2025-03-20,MIL,LAL,0.6488,0.3512,False
2025-03-20,NYK,CHA,0.48,0.52,False
2025-03-21,NOP,MIN,0.732,0.268,False
2025-03-21,ORL,WAS,0.5493,0.4507,False
2025-03-21,BOS,UTA,0.4407,0.5593,False
2025-03-21,CHA,OKC,0.7681,0.2319,False
2025-03-21,HOU,MIA,0.4116,0.5884,False
2025-03-21,DEN,POR,0.5943,0.4057,False
2025-03-21,CLE,PHX,0.682,0.318,False
2025-03-21,MEM,LAC,0.6554,0.3446,False
2025-03-21,PHI,SAS,0.5474,0.4526,False
2025-03-21,DET,DAL,0.3619,0.6381,False
2025-03-22,GSW,ATL,0.4819,0.5181,False
2025-03-22,CHI,LAL,0.6247,0.3753,False
2025-03-22,WAS,NYK,0.6619,0.3381,False
2025-03-22,BKN,IND,0.5806,0.4194,False
2025-03-22,MIL,SAC,0.6676,0.3324,False
2025-03-23,NOP,DET,0.7727,0.2273,False
2025-03-23,DEN,HOU,0.6233,0.3767,False
2025-03-23,PHI,ATL,0.7098,0.2902,False
2025-03-23,CLE,UTA,0.6097,0.3903,False
2025-03-23,OKC,LAC,0.5643,0.4357,False
2025-03-23,SAS,TOR,0.4625,0.5375,False
2025-03-23,BOS,POR,0.6172,0.3828,False
2025-03-23,CHA,MIA,0.5426,0.4574,False
2025-03-24,PHI,NOP,0.5849,0.4151,False
2025-03-24,CHI,DEN,0.4748,0.5252,False
2025-03-24,DAL,BKN,0.5561,0.4439,False
2025-03-24,BOS,SAC,0.4786,0.5214,False
2025-03-24,TOR,WAS,0.6049,0.3951,False
2025-03-24,LAL,ORL,0.5991,0.4009,False
2025-03-24,MIN,IND,0.6133,0.3867,False
2025-03-24,MIL,PHX,0.639,0.361,False
2025-03-25,GSW,MIA,0.5256,0.4744,False
2025-03-25,SAS,DET,0.5059,0.4941,False
2025-03-25,MEM,UTA,0.6173,0.3827,False
2025-03-25,OKC,SAC,0.36,0.64,False
2025-03-25,DAL,NYK,0.481,0.519,False
2025-03-25,ATL,HOU,0.4987,0.5013,False
2025-03-25,ORL,CHA,0.505,0.495,False
2025-03-25,CLE,POR,0.6837,0.3163,False
2025-03-26,MIL,DEN,0.4485,0.5515,False
2025-03-26,LAC,NYK,0.4858,0.5142,False
2025-03-26,LAL,IND,0.7363,0.2637,False
2025-03-26,WAS,PHI,0.6027,0.3973,False
2025-03-26,BOS,PHX,0.5298,0.4702,False
2025-03-26,TOR,BKN,0.6284,0.3716,False
2025-03-27,LAL,CHI,0.7557,0.2443,False
2025-03-27,IND,WAS,0.4514,0.5486,False
2025-03-27,HOU,UTA,0.4484,0.5516,False
2025-03-27,DAL,ORL,0.5728,0.4272,False
2025-03-27,POR,SAC,0.4954,0.5046,False
2025-03-27,ATL,MIA,0.5435,0.4565,False
2025-03-27,SAS,CLE,0.5069,0.4931,False
2025-03-27,MEM,OKC,0.7438,0.2562,False
2025-03-28,NYK,MIL,0.497,0.503,False
2025-03-28,CLE,DET,0.4683,0.5317,False
2025-03-28,LAC,BKN,0.4573,0.5427,False
2025-03-28,CHA,TOR,0.6286,0.3714,False
2025-03-28,UTA,DEN,0.7134,0.2866,False
2025-03-28,GSW,NOP,0.4607,0.5393,False
2025-03-28,PHX,MIN,0.6253,0.3747,False
2025-03-29,DAL,CHI,0.6635,0.3365,False
2025-03-29,SAC,ORL,0.6981,0.3019,False
2025-03-29,BOS,SAS,0.5077,0.4923,False
2025-03-29,LAL,MEM,0.638,0.362,False
2025-03-29,BKN,WAS,0.6746,0.3254,False
2025-03-29,MIA,PHI,0.3988,0.6012,False
2025-03-29,IND,OKC,0.5751,0.4249,False
2025-03-30,HOU,PHX,0.4936,0.5064,False
2025-03-30,DET,MIN,0.5484,0.4516,False
2025-03-30,TOR,PHI,0.4244,0.5756,False
2025-03-30,GSW,SAS,0.5631,0.4369,False
2025-03-30,ATL,MIL,0.5172,0.4828,False
2025-03-30,LAC,CLE,0.5948,0.4052,False
2025-03-30,POR,NYK,0.633,0.367,False
2025-03-30,CHA,NOP,0.6509,0.3491,False
2025-03-31,BKN,DAL,0.7094,0.2906,False
2025-03-31,SAC,IND,0.679,0.321,False
2025-03-31,BOS,MEM,0.4976,0.5024,False
2025-03-31,HOU,LAL,0.5224,0.4776,False
2025-03-31,LAC,ORL,0.453,0.547,False
2025-03-31,CHI,OKC,0.6281,0.3719,False
2025-03-31,MIA,WAS,0.3628,0.6372,False
2025-03-31,UTA,CHA,0.6425,0.3575,False
2025-04-01,ORL,SAS,0.4777,0.5223,False
2025-04-01,PHI,NYK,0.6271,0.3729,False
2025-04-01,MIN,DEN,0.5756,0.4244,False
2025-04-01,PHX,MIL,0.6364,0.3636,False
2025-04-01,TOR,CHI,0.4695,0.5305,False
2025-04-01,POR,ATL,0.6072,0.3928,False
2025-04-01,GSW,MEM,0.5239,0.4761,False
2025-04-02,NOP,LAC,0.6414,0.3586,False
2025-04-02,ATL,DAL,0.5659,0.4341,False
2025-04-02,CHA,IND,0.6877,0.3123,False
2025-04-02,MIA,BOS,0.5863,0.4137,False
2025-04-02,DET,OKC,0.585,0.415,False
2025-04-02,SAS,DEN,0.785,0.215,False
2025-04-02,NYK,CLE,0.494,0.506,False
2025-04-02,UTA,HOU,0.7765,0.2235,False
2025-04-02,SAC,WAS,0.4514,0.5486,False
2025-04-03,POR,TOR,0.7168,0.2832,False
2025-04-03,GSW,LAL,0.4404,0.5596,False
2025-04-03,MEM,MIA,0.7242,0.2758,False
2025-04-03,MIN,BKN,0.4098,0.5902,False
2025-04-03,MIL,PHI,0.5441,0.4559,False
2025-04-03,ORL,WAS,0.4416,0.5584,False
2025-04-04,CLE,SAS,0.4536,0.5464,False
2025-04-04,DAL,LAC,0.5928,0.4072,False
2025-04-04,OKC,HOU,0.5409,0.4591,False
2025-04-04,DEN,GSW,0.6164,0.3836,False
2025-04-04,SAC,CHA,0.6456,0.3544,False
2025-04-04,UTA,IND,0.6244,0.3756,False
2025-04-04,POR,CHI,0.5094,0.4906,False
2025-04-04,PHX,BOS,0.7483,0.2517,False
2025-04-04,DET,TOR,0.5814,0.4186,False
2025-04-04,NOP,LAL,0.6387,0.3613,False
2025-04-05,NYK,ATL,0.5157,0.4843,False
2025-04-05,MIL,MIA,0.7019,0.2981,False
2025-04-05,MIN,PHI,0.4489,0.5511,False
2025-04-05,DAL,LAC,0.6328,0.3672,False
2025-04-05,MEM,DET,0.5454,0.4546,False
2025-04-06,WAS,BOS,0.6076,0.3924,False
2025-04-06,LAL,OKC,0.6871,0.3129,False
2025-04-06,SAS,POR,0.6397,0.3603,False
2025-04-06,UTA,ATL,0.6366,0.3634,False
2025-04-06,IND,DEN,0.52,0.48,False
2025-04-06,PHX,NYK,0.6709,0.3291,False
2025-04-06,MIL,NOP,0.4752,0.5248,False
2025-04-06,TOR,BKN,0.6498,0.3502,False
2025-04-06,HOU,GSW,0.5414,0.4586,False
2025-04-06,SAC,CLE,0.6486,0.3514,False
2025-04-06,CHI,CHA,0.5661,0.4339,False
2025-04-07,PHI,MIA,0.6864,0.3136,False
2025-04-07,SAC,DET,0.5142,0.4858,False
2025-04-08,WAS,IND,0.6797,0.3203,False
2025-04-08,MEM,CHA,0.4881,0.5119,False
2025-04-08,LAL,OKC,0.5511,0.4489,False
2025-04-08,BOS,NYK,0.5655,0.4345,False
2025-04-08,MIN,MIL,0.5671,0.4329,False
2025-04-08,SAS,LAC,0.6507,0.3493,False
2025-04-08,CHI,CLE,0.5565,0.4435,False
2025-04-08,NOP,BKN,0.6277,0.3723,False
2025-04-08,GSW,PHX,0.4437,0.5563,False
2025-04-08,ATL,ORL,0.6102,0.3898,False
2025-04-09,POR,UTA,0.3957,0.6043,False
2025-04-09,CHA,TOR,0.6109,0.3891,False
2025-04-09,BOS,ORL,0.4921,0.5079,False
2025-04-09,HOU,LAC,0.5668,0.4332,False
2025-04-09,PHI,WAS,0.496,0.504,False
2025-04-09,SAS,GSW,0.6122,0.3878,False
2025-04-09,LAL,DAL,0.413,0.587,False
2025-04-09,MIA,CHI,0.6359,0.3641,False
2025-04-09,DEN,SAC,0.6905,0.3095,False
2025-04-09,OKC,PHX,0.5869,0.4131,False
2025-04-10,CLE,IND,0.6663,0.3337,False
2025-04-10,NOP,MIL,0.6438,0.3562,False
2025-04-10,NYK,DET,0.509,0.491,False
2025-04-10,ATL,BKN,0.514,0.486,False
2025-04-10,MIN,MEM,0.5443,0.4557,False
2025-04-11,OKC,UTA,0.4964,0.5036,False
2025-04-11,HOU,LAL,0.5304,0.4696,False
2025-04-11,BKN,MIN,0.5823,0.4177,False
2025-04-11,MIL,DET,0.4973,0.5027,False
2025-04-11,SAS,PHX,0.4781,0.5219,False
2025-04-11,CHA,BOS,0.7332,0.2668,False
2025-04-11,ORL,IND,0.5593,0.4407,False
2025-04-11,ATL,PHI,0.5033,0.4967,False
2025-04-11,LAC,SAC,0.5195,0.4805,False
2025-04-11,MEM,DEN,0.4453,0.5547,False
2025-04-11,TOR,DAL,0.4331,0.5669,False
2025-04-11,WAS,CHI,0.6494,0.3506,False
2025-04-11,MIA,NOP,0.5287,0.4713,False
2025-04-11,GSW,POR,0.5201,0.4799,False
2025-04-11,CLE,NYK,0.5618,0.4382,False
2025-04-13,UTA,MIN,0.5956,0.4044,False
2025-04-13,TOR,SAS,0.4627,0.5373,False
2025-04-13,OKC,NOP,0.4167,0.5833,False
2025-04-13,PHX,SAC,0.6977,0.3023,False
2025-04-13,CHI,PHI,0.6181,0.3819,False
2025-04-13,NYK,BKN,0.5477,0.4523,False
2025-04-13,LAC,GSW,0.6052,0.3948,False
2025-04-13,DET,MIL,0.6424,0.3576,False
2025-04-13,WAS,MIA,0.643,0.357,False
2025-04-13,IND,CLE,0.6074,0.3926,False
2025-04-13,ORL,ATL,0.5359,0.4641,False
2025-04-13,DAL,MEM,0.6905,0.3095,False
2025-04-13,DEN,HOU,0.5381,0.4619,False
2025-04-13,LAL,POR,0.574,0.426,False
2025-04-13,CHA,BOS,0.6643,0.3357,False
