game_id,date,season,home_team,home_team_id,away_team,away_team_id,home_score,away_score,home_win,season_type
0022300061,2023-10-24,2023,DEN,1610612743,LAL,1610612747,119,107,1,regular
0022300062,2023-10-24,2023,GSW,1610612744,PHX,1610612756,104,108,0,regular
0022300063,2023-10-25,2023,CHA,1610612766,ATL,1610612737,116,110,1,regular
0022300064,2023-10-25,2023,IND,1610612754,WAS,1610612764,143,120,1,regular
0022300065,2023-10-25,2023,NYK,1610612752,BOS,1610612738,104,108,0,regular
0022300066,2023-10-25,2023,ORL,1610612753,HOU,1610612745,116,86,1,regular
0022300067,2023-10-25,2023,BKN,1610612751,CLE,1610612739,113,114,0,regular
0022300068,2023-10-25,2023,MIA,1610612748,DET,1610612765,103,102,1,regular
0022300069,2023-10-25,2023,TOR,1610612761,MIN,1610612750,97,94,1,regular
0022300070,2023-10-25,2023,CHI,1610612741,OKC,1610612760,104,124,0,regular
0022300071,2023-10-25,2023,MEM,1610612763,NOP,1610612740,104,111,0,regular
0022300072,2023-10-25,2023,UTA,1610612762,SAC,1610612758,114,130,0,regular
0022300073,2023-10-25,2023,SAS,1610612759,DAL,1610612742,119,126,0,regular
0022300074,2023-10-25,2023,LAC,1610612746,POR,1610612757,123,111,1,regular
0022300075,2023-10-26,2023,MIL,1610612749,PHI,1610612755,118,117,1,regular
0022300076,2023-10-26,2023,LAL,1610612747,PHX,1610612756,100,95,1,regular
0022300077,2023-10-27,2023,CHA,1610612766,DET,1610612765,99,111,0,regular
0022300078,2023-10-27,2023,MEM,1610612763,DEN,1610612743,104,108,0,regular
0022300079,2023-10-27,2023,ATL,1610612737,NYK,1610612752,120,126,0,regular
0022300080,2023-10-27,2023,BOS,1610612738,MIA,1610612748,119,111,1,regular
0022300081,2023-10-27,2023,CLE,1610612739,OKC,1610612760,105,108,0,regular
0022300082,2023-10-27,2023,CHI,1610612741,TOR,1610612761,104,103,1,regular
0022300083,2023-10-27,2023,SAS,1610612759,HOU,1610612745,126,122,1,regular
0022300084,2023-10-27,2023,DAL,1610612742,BKN,1610612751,125,120,1,regular
0022300085,2023-10-27,2023,UTA,1610612762,LAC,1610612746,120,118,1,regular
0022300086,2023-10-27,2023,POR,1610612757,ORL,1610612753,97,102,0,regular
0022300087,2023-10-27,2023,SAC,1610612758,GSW,1610612744,114,122,0,regular
0022300088,2023-10-28,2023,DET,1610612765,CHI,1610612741,118,102,1,regular
0022300089,2023-10-28,2023,WAS,1610612764,MEM,1610612763,113,106,1,regular
0022300090,2023-10-28,2023,NOP,1610612740,NYK,1610612752,96,87,1,regular
0022300091,2023-10-28,2023,CLE,1610612739,IND,1610612754,113,125,0,regular
0022300092,2023-10-28,2023,TOR,1610612761,PHI,1610612755,107,114,0,regular
0022300093,2023-10-28,2023,MIN,1610612750,MIA,1610612748,106,90,1,regular
0022300094,2023-10-28,2023,PHX,1610612756,UTA,1610612762,126,104,1,regular
0022300095,2023-10-29,2023,OKC,1610612760,DEN,1610612743,95,128,0,regular
0022300096,2023-10-29,2023,HOU,1610612745,GSW,1610612744,95,106,0,regular
0022300097,2023-10-29,2023,MIL,1610612749,ATL,1610612737,110,127,0,regular
0022300098,2023-10-29,2023,PHI,1610612755,POR,1610612757,126,98,1,regular
0022300099,2023-10-29,2023,LAC,1610612746,SAS,1610612759,123,83,1,regular
0022300100,2023-10-29,2023,SAC,1610612758,LAL,1610612747,132,127,1,regular
0022300101,2023-10-30,2023,CHA,1610612766,BKN,1610612751,121,133,0,regular
0022300102,2023-10-30,2023,IND,1610612754,CHI,1610612741,105,112,0,regular
0022300103,2023-10-30,2023,WAS,1610612764,BOS,1610612738,107,126,0,regular
0022300104,2023-10-30,2023,ATL,1610612737,MIN,1610612750,127,113,1,regular
0022300105,2023-10-30,2023,TOR,1610612761,POR,1610612757,91,99,0,regular
0022300106,2023-10-30,2023,MEM,1610612763,DAL,1610612742,110,125,0,regular
0022300107,2023-10-30,2023,MIL,1610612749,MIA,1610612748,122,114,1,regular
0022300108,2023-10-30,2023,NOP,1610612740,GSW,1610612744,102,130,0,regular
0022300109,2023-10-30,2023,OKC,1610612760,DET,1610612765,124,112,1,regular
0022300110,2023-10-30,2023,DEN,1610612743,UTA,1610612762,110,102,1,regular
0022300111,2023-10-30,2023,LAL,1610612747,ORL,1610612753,106,103,1,regular
0022300112,2023-10-31,2023,CLE,1610612739,NYK,1610612752,91,109,0,regular
0022300113,2023-10-31,2023,PHX,1610612756,SAS,1610612759,114,115,0,regular
0022300114,2023-10-31,2023,LAC,1610612746,ORL,1610612753,118,102,1,regular
0022300115,2023-11-01,2023,DET,1610612765,POR,1610612757,101,110,0,regular
0022300116,2023-11-01,2023,TOR,1610612761,MIL,1610612749,130,111,1,regular
0022300117,2023-11-01,2023,ATL,1610612737,WAS,1610612764,130,121,1,regular
0022300118,2023-11-01,2023,BOS,1610612738,IND,1610612754,155,104,1,regular
0022300119,2023-11-01,2023,MIA,1610612748,BKN,1610612751,105,109,0,regular
0022300120,2023-11-01,2023,NYK,1610612752,CLE,1610612739,89,95,0,regular
0022300121,2023-11-01,2023,OKC,1610612760,NOP,1610612740,106,110,0,regular
0022300122,2023-11-01,2023,HOU,1610612745,CHA,1610612766,128,119,1,regular
0022300123,2023-11-01,2023,MIN,1610612750,DEN,1610612743,110,89,1,regular
0022300124,2023-11-01,2023,DAL,1610612742,CHI,1610612741,114,105,1,regular
0022300125,2023-11-01,2023,UTA,1610612762,MEM,1610612763,133,109,1,regular
0022300126,2023-11-01,2023,GSW,1610612744,SAC,1610612758,102,101,1,regular
0022300127,2023-11-01,2023,LAL,1610612747,LAC,1610612746,130,125,1,regular
0022300128,2023-11-02,2023,PHI,1610612755,TOR,1610612761,114,99,1,regular
0022300129,2023-11-02,2023,NOP,1610612740,DET,1610612765,125,116,1,regular
0022300130,2023-11-02,2023,UTA,1610612762,ORL,1610612753,113,115,0,regular
0022300131,2023-11-02,2023,PHX,1610612756,SAS,1610612759,121,132,0,regular
0022300001,2023-11-03,2023,IND,1610612754,CLE,1610612739,121,116,1,regular
0022300002,2023-11-03,2023,MIL,1610612749,NYK,1610612752,110,105,1,regular
0022300003,2023-11-03,2023,MIA,1610612748,WAS,1610612764,121,114,1,regular
0022300004,2023-11-03,2023,CHI,1610612741,BKN,1610612751,107,109,0,regular
0022300005,2023-11-03,2023,OKC,1610612760,GSW,1610612744,139,141,0,regular
0022300006,2023-11-03,2023,DEN,1610612743,DAL,1610612742,125,114,1,regular
0022300007,2023-11-03,2023,POR,1610612757,MEM,1610612763,115,113,1,regular
0022300132,2023-11-04,2023,PHI,1610612755,PHX,1610612756,112,100,1,regular
0022300133,2023-11-04,2023,IND,1610612754,CHA,1610612766,124,125,0,regular
0022300134,2023-11-04,2023,ORL,1610612753,LAL,1610612747,120,101,1,regular
0022300135,2023-11-04,2023,NOP,1610612740,ATL,1610612737,105,123,0,regular
0022300136,2023-11-04,2023,BKN,1610612751,BOS,1610612738,114,124,0,regular
0022300137,2023-11-04,2023,HOU,1610612745,SAC,1610612758,107,89,1,regular
0022300138,2023-11-04,2023,MIN,1610612750,UTA,1610612762,123,95,1,regular
0022300139,2023-11-04,2023,DEN,1610612743,CHI,1610612741,123,101,1,regular
0022300140,2023-11-05,2023,DET,1610612765,PHX,1610612756,106,120,0,regular
0022300141,2023-11-05,2023,SAS,1610612759,TOR,1610612761,116,123,0,regular
0022300142,2023-11-05,2023,CLE,1610612739,GSW,1610612744,115,104,1,regular
0022300143,2023-11-05,2023,DAL,1610612742,CHA,1610612766,124,118,1,regular
0022300144,2023-11-05,2023,POR,1610612757,MEM,1610612763,100,112,0,regular
0022300145,2023-11-06,2023,DET,1610612765,GSW,1610612744,109,120,0,regular
0022300146,2023-11-06,2023,IND,1610612754,SAS,1610612759,152,111,1,regular
0022300147,2023-11-06,2023,ORL,1610612753,DAL,1610612742,102,117,0,regular
0022300148,2023-11-06,2023,PHI,1610612755,WAS,1610612764,146,128,1,regular
0022300149,2023-11-06,2023,BKN,1610612751,MIL,1610612749,125,129,0,regular
0022300150,2023-11-06,2023,MIA,1610612748,LAL,1610612747,108,107,1,regular
0022300151,2023-11-06,2023,NYK,1610612752,LAC,1610612746,111,97,1,regular
0022300152,2023-11-06,2023,CHI,1610612741,UTA,1610612762,130,113,1,regular
0022300153,2023-11-06,2023,HOU,1610612745,SAC,1610612758,122,97,1,regular
0022300154,2023-11-06,2023,MIN,1610612750,BOS,1610612738,114,109,1,regular
0022300155,2023-11-06,2023,OKC,1610612760,ATL,1610612737,126,117,1,regular
0022300156,2023-11-06,2023,DEN,1610612743,NOP,1610612740,134,116,1,regular
0022300157,2023-11-08,2023,CHA,1610612766,WAS,1610612764,116,132,0,regular
0022300158,2023-11-08,2023,IND,1610612754,UTA,1610612762,134,118,1,regular
0022300159,2023-11-08,2023,PHI,1610612755,BOS,1610612738,106,103,1,regular
0022300160,2023-11-08,2023,BKN,1610612751,LAC,1610612746,100,93,1,regular
0022300161,2023-11-08,2023,NYK,1610612752,SAS,1610612759,126,105,1,regular
0022300162,2023-11-08,2023,CHI,1610612741,PHX,1610612756,115,116,0,regular
0022300163,2023-11-08,2023,HOU,1610612745,LAL,1610612747,128,94,1,regular
0022300164,2023-11-08,2023,MEM,1610612763,MIA,1610612748,102,108,0,regular
0022300165,2023-11-08,2023,MIL,1610612749,DET,1610612765,120,118,1,regular
0022300166,2023-11-08,2023,MIN,1610612750,NOP,1610612740,122,101,1,regular
0022300167,2023-11-08,2023,OKC,1610612760,CLE,1610612739,128,120,1,regular
0022300168,2023-11-08,2023,DAL,1610612742,TOR,1610612761,116,127,0,regular
0022300169,2023-11-08,2023,DEN,1610612743,GSW,1610612744,108,105,1,regular
0022300170,2023-11-08,2023,SAC,1610612758,POR,1610612757,121,118,1,regular
0022300171,2023-11-09,2023,IND,1610612754,MIL,1610612749,126,124,1,regular
0022300172,2023-11-09,2023,ORL,1610612753,ATL,1610612737,119,120,0,regular
0022300008,2023-11-10,2023,DET,1610612765,PHI,1610612755,106,114,0,regular
0022300009,2023-11-10,2023,WAS,1610612764,CHA,1610612766,117,124,0,regular
0022300010,2023-11-10,2023,BOS,1610612738,BKN,1610612751,121,107,1,regular
0022300011,2023-11-10,2023,HOU,1610612745,NOP,1610612740,104,101,1,regular
0022300012,2023-11-10,2023,MEM,1610612763,UTA,1610612762,121,127,0,regular
0022300013,2023-11-10,2023,SAS,1610612759,MIN,1610612750,110,117,0,regular
0022300014,2023-11-10,2023,DAL,1610612742,LAC,1610612746,144,126,1,regular
0022300015,2023-11-10,2023,PHX,1610612756,LAL,1610612747,119,122,0,regular
0022300016,2023-11-10,2023,SAC,1610612758,OKC,1610612760,105,98,1,regular
0022300173,2023-11-11,2023,ORL,1610612753,MIL,1610612749,112,97,1,regular
0022300174,2023-11-11,2023,BOS,1610612738,TOR,1610612761,117,94,1,regular
0022300175,2023-11-11,2023,ATL,1610612737,MIA,1610612748,109,117,0,regular
0022300176,2023-11-11,2023,GSW,1610612744,CLE,1610612739,110,118,0,regular
0022300177,2023-11-12,2023,NYK,1610612752,CHA,1610612766,129,107,1,regular
0022300178,2023-11-12,2023,BKN,1610612751,WAS,1610612764,102,94,1,regular
0022300179,2023-11-12,2023,LAC,1610612746,MEM,1610612763,101,105,0,regular
0022300180,2023-11-12,2023,PHI,1610612755,IND,1610612754,137,126,1,regular
0022300181,2023-11-12,2023,CHI,1610612741,DET,1610612765,119,108,1,regular
0022300182,2023-11-12,2023,HOU,1610612745,DEN,1610612743,107,104,1,regular
0022300183,2023-11-12,2023,NOP,1610612740,DAL,1610612742,124,136,0,regular
0022300184,2023-11-12,2023,SAS,1610612759,MIA,1610612748,113,118,0,regular
0022300185,2023-11-12,2023,PHX,1610612756,OKC,1610612760,99,111,0,regular
0022300186,2023-11-12,2023,GSW,1610612744,MIN,1610612750,110,116,0,regular
0022300187,2023-11-12,2023,LAL,1610612747,POR,1610612757,116,110,1,regular
0022300188,2023-11-13,2023,BOS,1610612738,NYK,1610612752,114,98,1,regular
0022300189,2023-11-13,2023,TOR,1610612761,WAS,1610612764,111,107,1,regular
0022300190,2023-11-13,2023,MIL,1610612749,CHI,1610612741,118,109,1,regular
0022300191,2023-11-13,2023,SAC,1610612758,CLE,1610612739,132,120,1,regular
0022300017,2023-11-14,2023,CHA,1610612766,MIA,1610612748,105,111,0,regular
0022300018,2023-11-14,2023,DET,1610612765,ATL,1610612737,120,126,0,regular
0022300019,2023-11-14,2023,PHI,1610612755,IND,1610612754,126,132,0,regular
0022300020,2023-11-14,2023,BKN,1610612751,ORL,1610612753,124,104,1,regular
0022300021,2023-11-14,2023,OKC,1610612760,SAS,1610612759,123,87,1,regular
0022300022,2023-11-14,2023,NOP,1610612740,DAL,1610612742,131,110,1,regular
0022300023,2023-11-14,2023,UTA,1610612762,POR,1610612757,115,99,1,regular
0022300024,2023-11-14,2023,DEN,1610612743,LAC,1610612746,111,108,1,regular
0022300025,2023-11-14,2023,GSW,1610612744,MIN,1610612750,101,104,0,regular
0022300026,2023-11-14,2023,LAL,1610612747,MEM,1610612763,134,107,1,regular
0022300192,2023-11-15,2023,WAS,1610612764,DAL,1610612742,117,130,0,regular
0022300193,2023-11-15,2023,ATL,1610612737,NYK,1610612752,114,116,0,regular
0022300194,2023-11-15,2023,PHI,1610612755,BOS,1610612738,107,117,0,regular
0022300195,2023-11-15,2023,TOR,1610612761,MIL,1610612749,112,128,0,regular
0022300196,2023-11-15,2023,CHI,1610612741,ORL,1610612753,94,96,0,regular
0022300197,2023-11-15,2023,PHX,1610612756,MIN,1610612750,133,115,1,regular
0022300198,2023-11-15,2023,LAL,1610612747,SAC,1610612758,110,125,0,regular
0022300199,2023-11-15,2023,POR,1610612757,CLE,1610612739,95,109,0,regular
0022300200,2023-11-16,2023,MIA,1610612748,BKN,1610612751,122,115,1,regular
0022300201,2023-11-16,2023,GSW,1610612744,OKC,1610612760,109,128,0,regular
0022300027,2023-11-17,2023,CHA,1610612766,MIL,1610612749,99,130,0,regular
0022300028,2023-11-17,2023,WAS,1610612764,NYK,1610612752,99,120,0,regular
0022300029,2023-11-17,2023,ATL,1610612737,PHI,1610612755,116,126,0,regular
0022300030,2023-11-17,2023,CLE,1610612739,DET,1610612765,108,100,1,regular
0022300031,2023-11-17,2023,TOR,1610612761,BOS,1610612738,105,108,0,regular
0022300032,2023-11-17,2023,SAS,1610612759,SAC,1610612758,120,129,0,regular
0022300033,2023-11-17,2023,CHI,1610612741,ORL,1610612753,97,103,0,regular
0022300034,2023-11-17,2023,NOP,1610612740,DEN,1610612743,115,110,1,regular
0022300035,2023-11-17,2023,UTA,1610612762,PHX,1610612756,128,131,0,regular
0022300036,2023-11-17,2023,POR,1610612757,LAL,1610612747,95,107,0,regular
0022300037,2023-11-17,2023,LAC,1610612746,HOU,1610612745,106,100,1,regular
0022300202,2023-11-18,2023,CHA,1610612766,NYK,1610612752,108,122,0,regular
0022300203,2023-11-18,2023,NOP,1610612740,MIN,1610612750,120,121,0,regular
0022300204,2023-11-18,2023,CHI,1610612741,MIA,1610612748,102,97,1,regular
0022300205,2023-11-18,2023,MIL,1610612749,DAL,1610612742,132,125,1,regular
0022300206,2023-11-18,2023,SAS,1610612759,MEM,1610612763,108,120,0,regular
0022300207,2023-11-18,2023,GSW,1610612744,OKC,1610612760,123,130,0,regular
0022300208,2023-11-19,2023,BKN,1610612751,PHI,1610612755,99,121,0,regular
0022300209,2023-11-19,2023,IND,1610612754,ORL,1610612753,116,128,0,regular
0022300210,2023-11-19,2023,CLE,1610612739,DEN,1610612743,121,109,1,regular
0022300211,2023-11-19,2023,TOR,1610612761,DET,1610612765,142,113,1,regular
0022300212,2023-11-19,2023,DAL,1610612742,SAC,1610612758,113,129,0,regular
0022300213,2023-11-19,2023,MEM,1610612763,BOS,1610612738,100,102,0,regular
0022300214,2023-11-19,2023,UTA,1610612762,PHX,1610612756,137,140,0,regular
0022300215,2023-11-19,2023,POR,1610612757,OKC,1610612760,91,134,0,regular
0022300216,2023-11-19,2023,LAL,1610612747,HOU,1610612745,105,104,1,regular
0022300217,2023-11-20,2023,CHA,1610612766,BOS,1610612738,121,118,1,regular
0022300218,2023-11-20,2023,DET,1610612765,DEN,1610612743,103,107,0,regular
0022300219,2023-11-20,2023,WAS,1610612764,MIL,1610612749,129,142,0,regular
0022300220,2023-11-20,2023,CHI,1610612741,MIA,1610612748,100,118,0,regular
0022300221,2023-11-20,2023,MIN,1610612750,NYK,1610612752,117,100,1,regular
0022300222,2023-11-20,2023,NOP,1610612740,SAC,1610612758,129,93,1,regular
0022300223,2023-11-20,2023,SAS,1610612759,LAC,1610612746,99,124,0,regular
0022300224,2023-11-20,2023,GSW,1610612744,HOU,1610612745,121,116,1,regular
0022300038,2023-11-21,2023,ORL,1610612753,TOR,1610612761,126,107,1,regular
0022300039,2023-11-21,2023,ATL,1610612737,IND,1610612754,152,157,0,regular
0022300040,2023-11-21,2023,PHI,1610612755,CLE,1610612739,119,122,0,regular
0022300041,2023-11-21,2023,PHX,1610612756,POR,1610612757,120,107,1,regular
0022300042,2023-11-21,2023,LAL,1610612747,UTA,1610612762,131,99,1,regular
0022300225,2023-11-22,2023,CHA,1610612766,WAS,1610612764,117,114,1,regular
0022300226,2023-11-22,2023,ORL,1610612753,DEN,1610612743,124,119,1,regular
0022300227,2023-11-22,2023,ATL,1610612737,BKN,1610612751,147,145,1,regular
0022300228,2023-11-22,2023,BOS,1610612738,MIL,1610612749,119,116,1,regular
0022300229,2023-11-22,2023,CLE,1610612739,MIA,1610612748,96,129,0,regular
0022300230,2023-11-22,2023,IND,1610612754,TOR,1610612761,131,132,0,regular
0022300231,2023-11-22,2023,HOU,1610612745,MEM,1610612763,111,91,1,regular
0022300232,2023-11-22,2023,MIN,1610612750,PHI,1610612755,112,99,1,regular
0022300233,2023-11-22,2023,NOP,1610612740,SAC,1610612758,117,112,1,regular
0022300234,2023-11-22,2023,OKC,1610612760,CHI,1610612741,116,102,1,regular
0022300235,2023-11-22,2023,SAS,1610612759,LAC,1610612746,102,109,0,regular
0022300236,2023-11-22,2023,PHX,1610612756,GSW,1610612744,123,115,1,regular
0022300237,2023-11-22,2023,POR,1610612757,UTA,1610612762,121,105,1,regular
0022300238,2023-11-22,2023,LAL,1610612747,DAL,1610612742,101,104,0,regular
0022300043,2023-11-24,2023,ORL,1610612753,BOS,1610612738,113,96,1,regular
0022300044,2023-11-24,2023,MEM,1610612763,PHX,1610612756,89,110,0,regular
0022300045,2023-11-24,2023,NYK,1610612752,MIA,1610612748,100,98,1,regular
0022300046,2023-11-24,2023,TOR,1610612761,CHI,1610612741,121,108,1,regular
0022300047,2023-11-24,2023,IND,1610612754,DET,1610612765,136,113,1,regular
0022300048,2023-11-24,2023,HOU,1610612745,DEN,1610612743,105,86,1,regular
0022300049,2023-11-24,2023,MIL,1610612749,WAS,1610612764,131,128,1,regular
0022300050,2023-11-24,2023,MIN,1610612750,SAC,1610612758,111,124,0,regular
0022300051,2023-11-24,2023,GSW,1610612744,SAS,1610612759,118,112,1,regular
0022300052,2023-11-24,2023,LAC,1610612746,NOP,1610612740,106,116,0,regular
0022300239,2023-11-25,2023,OKC,1610612760,PHI,1610612755,123,127,0,regular
0022300240,2023-11-25,2023,BKN,1610612751,MIA,1610612748,112,97,1,regular
0022300241,2023-11-25,2023,WAS,1610612764,ATL,1610612737,108,136,0,regular
0022300242,2023-11-25,2023,CLE,1610612739,LAL,1610612747,115,121,0,regular
0022300243,2023-11-25,2023,UTA,1610612762,NOP,1610612740,105,100,1,regular
0022300244,2023-11-25,2023,LAC,1610612746,DAL,1610612742,107,88,1,regular
0022300245,2023-11-26,2023,MIL,1610612749,POR,1610612757,108,102,1,regular
0022300246,2023-11-26,2023,BOS,1610612738,ATL,1610612737,113,103,1,regular
0022300247,2023-11-26,2023,NYK,1610612752,PHX,1610612756,113,116,0,regular
0022300248,2023-11-26,2023,ORL,1610612753,CHA,1610612766,130,117,1,regular
0022300249,2023-11-26,2023,MEM,1610612763,MIN,1610612750,97,119,0,regular
0022300250,2023-11-26,2023,BKN,1610612751,CHI,1610612741,118,109,1,regular
0022300251,2023-11-26,2023,CLE,1610612739,TOR,1610612761,105,102,1,regular
0022300252,2023-11-26,2023,DEN,1610612743,SAS,1610612759,132,120,1,regular
0022300253,2023-11-27,2023,DET,1610612765,WAS,1610612764,107,126,0,regular
0022300254,2023-11-27,2023,IND,1610612754,POR,1610612757,110,114,0,regular
0022300255,2023-11-27,2023,PHI,1610612755,LAL,1610612747,138,94,1,regular
0022300256,2023-11-27,2023,UTA,1610612762,NOP,1610612740,114,112,1,regular
0022300257,2023-11-27,2023,LAC,1610612746,DEN,1610612743,104,113,0,regular
0022300053,2023-11-28,2023,BOS,1610612738,CHI,1610612741,124,97,1,regular
0022300054,2023-11-28,2023,BKN,1610612751,TOR,1610612761,115,103,1,regular
0022300055,2023-11-28,2023,CLE,1610612739,ATL,1610612737,128,105,1,regular
0022300056,2023-11-28,2023,MIA,1610612748,MIL,1610612749,124,131,0,regular
0022300057,2023-11-28,2023,NYK,1610612752,CHA,1610612766,115,91,1,regular
0022300058,2023-11-28,2023,MIN,1610612750,OKC,1610612760,106,103,1,regular
0022300059,2023-11-28,2023,DAL,1610612742,HOU,1610612745,121,115,1,regular
0022300060,2023-11-28,2023,SAC,1610612758,GSW,1610612744,124,123,1,regular
0022300258,2023-11-29,2023,DET,1610612765,LAL,1610612747,107,133,0,regular
0022300259,2023-11-29,2023,ORL,1610612753,WAS,1610612764,139,120,1,regular
0022300260,2023-11-29,2023,TOR,1610612761,PHX,1610612756,112,105,1,regular
0022300261,2023-11-29,2023,MEM,1610612763,UTA,1610612762,105,91,1,regular
0022300262,2023-11-29,2023,NOP,1610612740,PHI,1610612755,124,114,1,regular
0022300263,2023-11-29,2023,DEN,1610612743,HOU,1610612745,134,124,1,regular
0022300264,2023-11-29,2023,SAC,1610612758,LAC,1610612746,117,131,0,regular
0022300265,2023-11-30,2023,CLE,1610612739,POR,1610612757,95,103,0,regular
0022300266,2023-11-30,2023,BKN,1610612751,CHA,1610612766,128,129,0,regular
0022300267,2023-11-30,2023,MIA,1610612748,IND,1610612754,142,132,1,regular
0022300268,2023-11-30,2023,NYK,1610612752,DET,1610612765,118,112,1,regular
0022300269,2023-11-30,2023,CHI,1610612741,MIL,1610612749,120,113,1,regular
0022300270,2023-11-30,2023,MIN,1610612750,UTA,1610612762,101,90,1,regular
0022300271,2023-11-30,2023,OKC,1610612760,LAL,1610612747,133,110,1,regular
0022300272,2023-11-30,2023,SAS,1610612759,ATL,1610612737,135,137,0,regular
0022300273,2023-11-30,2023,GSW,1610612744,LAC,1610612746,120,114,1,regular
0022300274,2023-12-01,2023,ORL,1610612753,WAS,1610612764,130,125,1,regular
0022300275,2023-12-01,2023,BOS,1610612738,PHI,1610612755,125,119,1,regular
0022300276,2023-12-01,2023,TOR,1610612761,NYK,1610612752,106,119,0,regular
0022300277,2023-12-01,2023,DAL,1610612742,MEM,1610612763,94,108,0,regular
0022300278,2023-12-01,2023,NOP,1610612740,SAS,1610612759,121,106,1,regular
0022300279,2023-12-01,2023,PHX,1610612756,DEN,1610612743,111,119,0,regular
0022300280,2023-12-02,2023,LAC,1610612746,GSW,1610612744,113,112,1,regular
0022300281,2023-12-02,2023,CHA,1610612766,MIN,1610612750,117,123,0,regular
0022300282,2023-12-02,2023,BKN,1610612751,ORL,1610612753,129,101,1,regular
0022300283,2023-12-02,2023,DET,1610612765,CLE,1610612739,101,110,0,regular
0022300284,2023-12-02,2023,MIA,1610612748,IND,1610612754,129,144,0,regular
0022300285,2023-12-02,2023,CHI,1610612741,NOP,1610612740,124,118,1,regular
0022300286,2023-12-02,2023,MIL,1610612749,ATL,1610612737,132,121,1,regular
0022300287,2023-12-02,2023,DAL,1610612742,OKC,1610612760,120,126,0,regular
0022300288,2023-12-02,2023,PHX,1610612756,MEM,1610612763,116,109,1,regular
0022300289,2023-12-02,2023,UTA,1610612762,POR,1610612757,118,113,1,regular
0022300290,2023-12-02,2023,SAC,1610612758,DEN,1610612743,123,117,1,regular
0022300291,2023-12-02,2023,LAL,1610612747,HOU,1610612745,107,97,1,regular
0022301202,2023-12-04,2023,IND,1610612754,BOS,1610612738,122,112,1,regular
0022301204,2023-12-04,2023,SAC,1610612758,NOP,1610612740,117,127,0,regular
0022301201,2023-12-05,2023,MIL,1610612749,NYK,1610612752,146,122,1,regular
0022301203,2023-12-05,2023,LAL,1610612747,PHX,1610612756,106,103,1,regular
0022301205,2023-12-06,2023,CLE,1610612739,ORL,1610612753,121,111,1,regular
0022301206,2023-12-06,2023,DET,1610612765,MEM,1610612763,102,116,0,regular
0022301207,2023-12-06,2023,TOR,1610612761,MIA,1610612748,103,112,0,regular
0022301208,2023-12-06,2023,WAS,1610612764,PHI,1610612755,126,131,0,regular
0022301209,2023-12-06,2023,ATL,1610612737,BKN,1610612751,113,114,0,regular
0022301210,2023-12-06,2023,MIN,1610612750,SAS,1610612759,102,94,1,regular
0022301211,2023-12-06,2023,CHI,1610612741,CHA,1610612766,111,100,1,regular
0022301212,2023-12-06,2023,HOU,1610612745,OKC,1610612760,110,101,1,regular
0022301213,2023-12-06,2023,DAL,1610612742,UTA,1610612762,147,97,1,regular
0022301214,2023-12-06,2023,GSW,1610612744,POR,1610612757,110,106,1,regular
0022301215,2023-12-06,2023,LAC,1610612746,DEN,1610612743,111,102,1,regular
0022301229,2023-12-07,2023,MIL,1610612749,IND,1610612754,119,128,0,regular
0022301230,2023-12-07,2023,LAL,1610612747,NOP,1610612740,133,89,1,regular
0022301216,2023-12-08,2023,CHA,1610612766,TOR,1610612761,119,116,1,regular
0022301217,2023-12-08,2023,ORL,1610612753,DET,1610612765,123,91,1,regular
0022301218,2023-12-08,2023,PHI,1610612755,ATL,1610612737,125,114,1,regular
0022301219,2023-12-08,2023,BKN,1610612751,WAS,1610612764,124,97,1,regular
0022301220,2023-12-08,2023,MIA,1610612748,CLE,1610612739,99,111,0,regular
0022301221,2023-12-08,2023,MEM,1610612763,MIN,1610612750,103,127,0,regular
0022301222,2023-12-08,2023,OKC,1610612760,GSW,1610612744,138,136,1,regular
0022301223,2023-12-08,2023,SAS,1610612759,CHI,1610612741,112,121,0,regular
0022301224,2023-12-08,2023,DEN,1610612743,HOU,1610612745,106,114,0,regular
0022301225,2023-12-08,2023,UTA,1610612762,LAC,1610612746,103,117,0,regular
0022301226,2023-12-08,2023,POR,1610612757,DAL,1610612742,112,125,0,regular
0022301227,2023-12-08,2023,BOS,1610612738,NYK,1610612752,133,123,1,regular
0022301228,2023-12-08,2023,PHX,1610612756,SAC,1610612758,106,114,0,regular
0022300292,2023-12-11,2023,CHA,1610612766,MIA,1610612748,114,116,0,regular
0022300293,2023-12-11,2023,DET,1610612765,IND,1610612754,123,131,0,regular
0022300294,2023-12-11,2023,ORL,1610612753,CLE,1610612739,104,94,1,regular
0022300295,2023-12-11,2023,PHI,1610612755,WAS,1610612764,146,101,1,regular
0022300296,2023-12-11,2023,ATL,1610612737,DEN,1610612743,122,129,0,regular
0022300297,2023-12-11,2023,NYK,1610612752,TOR,1610612761,136,130,1,regular
0022300298,2023-12-11,2023,HOU,1610612745,SAS,1610612759,93,82,1,regular
0022300299,2023-12-11,2023,MEM,1610612763,DAL,1610612742,113,120,0,regular
0022300300,2023-12-11,2023,MIL,1610612749,CHI,1610612741,133,129,1,regular
0022300301,2023-12-11,2023,NOP,1610612740,MIN,1610612750,121,107,1,regular
0022300302,2023-12-11,2023,OKC,1610612760,UTA,1610612762,134,120,1,regular
0022300303,2023-12-11,2023,SAC,1610612758,BKN,1610612751,131,118,1,regular
0022300304,2023-12-11,2023,LAC,1610612746,POR,1610612757,132,127,1,regular
0022300305,2023-12-12,2023,BOS,1610612738,CLE,1610612739,120,113,1,regular
0022300306,2023-12-12,2023,DAL,1610612742,LAL,1610612747,127,125,1,regular
0022300307,2023-12-12,2023,CHI,1610612741,DEN,1610612743,106,114,0,regular
0022300308,2023-12-12,2023,PHX,1610612756,GSW,1610612744,119,116,1,regular
0022300309,2023-12-12,2023,LAC,1610612746,SAC,1610612758,119,99,1,regular
0022300310,2023-12-13,2023,DET,1610612765,PHI,1610612755,111,129,0,regular
0022300311,2023-12-13,2023,WAS,1610612764,NOP,1610612740,122,142,0,regular
0022300312,2023-12-13,2023,MIA,1610612748,CHA,1610612766,115,104,1,regular
0022300313,2023-12-13,2023,TOR,1610612761,ATL,1610612737,135,128,1,regular
0022300314,2023-12-13,2023,HOU,1610612745,MEM,1610612763,117,104,1,regular
0022300315,2023-12-13,2023,MIL,1610612749,IND,1610612754,140,126,1,regular
0022300316,2023-12-13,2023,SAS,1610612759,LAL,1610612747,119,122,0,regular
0022300317,2023-12-13,2023,PHX,1610612756,BKN,1610612751,112,116,0,regular
0022300318,2023-12-13,2023,UTA,1610612762,NYK,1610612752,117,113,1,regular
0022300319,2023-12-14,2023,BOS,1610612738,CLE,1610612739,116,107,1,regular
0022300320,2023-12-14,2023,MIA,1610612748,CHI,1610612741,116,124,0,regular
0022300321,2023-12-14,2023,DAL,1610612742,MIN,1610612750,101,119,0,regular
0022300322,2023-12-14,2023,DEN,1610612743,BKN,1610612751,124,101,1,regular
0022300323,2023-12-14,2023,POR,1610612757,UTA,1610612762,114,122,0,regular
0022300324,2023-12-14,2023,SAC,1610612758,OKC,1610612760,128,123,1,regular
0022300325,2023-12-14,2023,LAC,1610612746,GSW,1610612744,121,113,1,regular
0022300326,2023-12-15,2023,CHA,1610612766,NOP,1610612740,107,112,0,regular
0022300327,2023-12-15,2023,PHI,1610612755,DET,1610612765,124,92,1,regular
0022300328,2023-12-15,2023,WAS,1610612764,IND,1610612754,137,123,1,regular
0022300329,2023-12-15,2023,BOS,1610612738,ORL,1610612753,128,111,1,regular
0022300330,2023-12-15,2023,TOR,1610612761,ATL,1610612737,104,125,0,regular
0022300331,2023-12-15,2023,SAS,1610612759,LAL,1610612747,129,115,1,regular
0022300332,2023-12-15,2023,MEM,1610612763,HOU,1610612745,96,103,0,regular
0022300333,2023-12-15,2023,PHX,1610612756,NYK,1610612752,122,139,0,regular
0022300334,2023-12-16,2023,MIL,1610612749,DET,1610612765,146,114,1,regular
0022300335,2023-12-16,2023,CHA,1610612766,PHI,1610612755,82,135,0,regular
0022300336,2023-12-16,2023,CLE,1610612739,ATL,1610612737,127,119,1,regular
0022300337,2023-12-16,2023,MIA,1610612748,CHI,1610612741,118,116,1,regular
0022300338,2023-12-16,2023,MIN,1610612750,IND,1610612754,127,109,1,regular
0022300339,2023-12-16,2023,GSW,1610612744,BKN,1610612751,124,120,1,regular
0022300340,2023-12-16,2023,DEN,1610612743,OKC,1610612760,117,118,0,regular
0022300341,2023-12-16,2023,POR,1610612757,DAL,1610612742,120,131,0,regular
0022300342,2023-12-16,2023,SAC,1610612758,UTA,1610612762,125,104,1,regular
0022300343,2023-12-16,2023,LAC,1610612746,NYK,1610612752,144,122,1,regular
0022300344,2023-12-17,2023,BOS,1610612738,ORL,1610612753,114,97,1,regular
0022300345,2023-12-17,2023,SAS,1610612759,NOP,1610612740,110,146,0,regular
0022300346,2023-12-17,2023,MIL,1610612749,HOU,1610612745,128,119,1,regular
0022300347,2023-12-17,2023,PHX,1610612756,WAS,1610612764,112,108,1,regular
0022300348,2023-12-17,2023,POR,1610612757,GSW,1610612744,114,118,0,regular
0022300349,2023-12-18,2023,CLE,1610612739,HOU,1610612745,135,130,1,regular
0022300350,2023-12-18,2023,IND,1610612754,LAC,1610612746,127,151,0,regular
0022300351,2023-12-18,2023,PHI,1610612755,CHI,1610612741,104,108,0,regular
0022300352,2023-12-18,2023,ATL,1610612737,DET,1610612765,130,124,1,regular
0022300353,2023-12-18,2023,MIA,1610612748,MIN,1610612750,108,112,0,regular
0022300354,2023-12-18,2023,TOR,1610612761,CHA,1610612766,114,99,1,regular
0022300355,2023-12-18,2023,OKC,1610612760,MEM,1610612763,116,97,1,regular
0022300356,2023-12-18,2023,DEN,1610612743,DAL,1610612742,130,104,1,regular
0022300357,2023-12-18,2023,UTA,1610612762,BKN,1610612751,125,108,1,regular
0022300358,2023-12-18,2023,SAC,1610612758,WAS,1610612764,143,131,1,regular
0022300359,2023-12-18,2023,LAL,1610612747,NYK,1610612752,109,114,0,regular
0022300360,2023-12-19,2023,NOP,1610612740,MEM,1610612763,113,115,0,regular
0022300361,2023-12-19,2023,MIL,1610612749,SAS,1610612759,132,119,1,regular
0022300362,2023-12-19,2023,GSW,1610612744,BOS,1610612738,132,126,1,regular
0022300363,2023-12-19,2023,POR,1610612757,PHX,1610612756,109,104,1,regular
0022300364,2023-12-20,2023,CLE,1610612739,UTA,1610612762,124,116,1,regular
0022300365,2023-12-20,2023,IND,1610612754,CHA,1610612766,144,113,1,regular
0022300366,2023-12-20,2023,ORL,1610612753,MIA,1610612748,106,115,0,regular
0022300367,2023-12-20,2023,PHI,1610612755,MIN,1610612750,127,113,1,regular
0022300368,2023-12-20,2023,BKN,1610612751,NYK,1610612752,102,121,0,regular
0022300369,2023-12-20,2023,TOR,1610612761,DEN,1610612743,104,113,0,regular
0022300370,2023-12-20,2023,CHI,1610612741,LAL,1610612747,124,108,1,regular
0022300371,2023-12-20,2023,HOU,1610612745,ATL,1610612737,127,134,0,regular
0022300372,2023-12-20,2023,DAL,1610612742,LAC,1610612746,111,120,0,regular
0022300373,2023-12-20,2023,SAC,1610612758,BOS,1610612738,119,144,0,regular
0022300374,2023-12-21,2023,DET,1610612765,UTA,1610612762,111,119,0,regular
0022300375,2023-12-21,2023,CLE,1610612739,NOP,1610612740,104,123,0,regular
0022300376,2023-12-21,2023,CHI,1610612741,SAS,1610612759,114,95,1,regular
0022300377,2023-12-21,2023,MEM,1610612763,IND,1610612754,116,103,1,regular
0022300378,2023-12-21,2023,MIL,1610612749,ORL,1610612753,118,114,1,regular
0022300379,2023-12-21,2023,OKC,1610612760,LAC,1610612746,134,115,1,regular
0022300380,2023-12-21,2023,MIN,1610612750,LAL,1610612747,118,111,1,regular
0022300381,2023-12-21,2023,POR,1610612757,WAS,1610612764,117,118,0,regular
0022300382,2023-12-22,2023,PHI,1610612755,TOR,1610612761,121,111,1,regular
0022300383,2023-12-22,2023,BKN,1610612751,DEN,1610612743,117,122,0,regular
0022300384,2023-12-22,2023,MIA,1610612748,ATL,1610612737,122,113,1,regular
0022300385,2023-12-22,2023,HOU,1610612745,DAL,1610612742,122,96,1,regular
0022300386,2023-12-22,2023,GSW,1610612744,WAS,1610612764,129,118,1,regular
0022300387,2023-12-22,2023,SAC,1610612758,PHX,1610612756,120,105,1,regular
0022300388,2023-12-23,2023,NYK,1610612752,MIL,1610612749,111,130,0,regular
0022300389,2023-12-23,2023,LAC,1610612746,BOS,1610612738,108,145,0,regular
0022300390,2023-12-23,2023,CHA,1610612766,DEN,1610612743,95,102,0,regular
0022300391,2023-12-23,2023,IND,1610612754,ORL,1610612753,110,117,0,regular
0022300392,2023-12-23,2023,NOP,1610612740,HOU,1610612745,104,106,0,regular
0022300393,2023-12-23,2023,ATL,1610612737,MEM,1610612763,119,125,0,regular
0022300394,2023-12-23,2023,BKN,1610612751,DET,1610612765,126,115,1,regular
0022300395,2023-12-23,2023,TOR,1610612761,UTA,1610612762,119,126,0,regular
0022300396,2023-12-23,2023,CHI,1610612741,CLE,1610612739,95,109,0,regular
0022300397,2023-12-23,2023,OKC,1610612760,LAL,1610612747,120,129,0,regular
0022300398,2023-12-23,2023,DAL,1610612742,SAS,1610612759,144,119,1,regular
0022300399,2023-12-23,2023,GSW,1610612744,POR,1610612757,126,106,1,regular
0022300400,2023-12-23,2023,SAC,1610612758,MIN,1610612750,98,110,0,regular
0022300401,2023-12-25,2023,NYK,1610612752,MIL,1610612749,129,122,1,regular
0022300402,2023-12-25,2023,DEN,1610612743,GSW,1610612744,120,114,1,regular
0022300403,2023-12-25,2023,LAL,1610612747,BOS,1610612738,115,126,0,regular
0022300404,2023-12-25,2023,MIA,1610612748,PHI,1610612755,119,113,1,regular
0022300405,2023-12-25,2023,PHX,1610612756,DAL,1610612742,114,128,0,regular
0022300406,2023-12-26,2023,DET,1610612765,BKN,1610612751,112,118,0,regular
0022300407,2023-12-26,2023,WAS,1610612764,ORL,1610612753,119,127,0,regular
0022300408,2023-12-26,2023,CHI,1610612741,ATL,1610612737,118,113,1,regular
0022300409,2023-12-26,2023,HOU,1610612745,IND,1610612754,117,123,0,regular
0022300410,2023-12-26,2023,NOP,1610612740,MEM,1610612763,115,116,0,regular
0022300411,2023-12-26,2023,OKC,1610612760,MIN,1610612750,129,106,1,regular
0022300412,2023-12-26,2023,SAS,1610612759,UTA,1610612762,118,130,0,regular
0022300413,2023-12-26,2023,POR,1610612757,SAC,1610612758,130,113,1,regular
0022300414,2023-12-26,2023,LAC,1610612746,CHA,1610612766,113,104,1,regular
0022300415,2023-12-27,2023,ORL,1610612753,PHI,1610612755,92,112,0,regular
0022300416,2023-12-27,2023,WAS,1610612764,TOR,1610612761,102,132,0,regular
0022300417,2023-12-27,2023,BKN,1610612751,MIL,1610612749,122,144,0,regular
0022300418,2023-12-27,2023,HOU,1610612745,PHX,1610612756,113,129,0,regular
0022300419,2023-12-27,2023,OKC,1610612760,NYK,1610612752,129,120,1,regular
0022300420,2023-12-27,2023,DAL,1610612742,CLE,1610612739,110,113,0,regular
0022300421,2023-12-28,2023,BOS,1610612738,DET,1610612765,128,122,1,regular
0022300422,2023-12-28,2023,CHI,1610612741,IND,1610612754,104,120,0,regular
0022300423,2023-12-28,2023,MIN,1610612750,DAL,1610612742,118,110,1,regular
0022300424,2023-12-28,2023,NOP,1610612740,UTA,1610612762,112,105,1,regular
0022300425,2023-12-28,2023,DEN,1610612743,MEM,1610612763,142,105,1,regular
0022300426,2023-12-28,2023,GSW,1610612744,MIA,1610612748,102,114,0,regular
0022300427,2023-12-28,2023,POR,1610612757,SAS,1610612759,105,118,0,regular
0022300428,2023-12-28,2023,LAL,1610612747,CHA,1610612766,133,112,1,regular
0022300429,2023-12-29,2023,ORL,1610612753,NYK,1610612752,117,108,1,regular
0022300430,2023-12-29,2023,WAS,1610612764,BKN,1610612751,110,104,1,regular
0022300431,2023-12-29,2023,ATL,1610612737,SAC,1610612758,110,117,0,regular
0022300432,2023-12-29,2023,BOS,1610612738,TOR,1610612761,120,118,1,regular
0022300433,2023-12-29,2023,CLE,1610612739,MIL,1610612749,111,119,0,regular
0022300434,2023-12-29,2023,HOU,1610612745,PHI,1610612755,127,131,0,regular
0022300435,2023-12-29,2023,DEN,1610612743,OKC,1610612760,93,119,0,regular
0022300436,2023-12-29,2023,PHX,1610612756,CHA,1610612766,133,119,1,regular
0022300437,2023-12-29,2023,POR,1610612757,SAS,1610612759,134,128,1,regular
0022300438,2023-12-29,2023,LAC,1610612746,MEM,1610612763,117,106,1,regular
0022300439,2023-12-30,2023,UTA,1610612762,MIA,1610612748,117,109,1,regular
0022300440,2023-12-30,2023,DET,1610612765,TOR,1610612761,129,127,1,regular
0022300441,2023-12-30,2023,IND,1610612754,NYK,1610612752,140,126,1,regular
0022300442,2023-12-30,2023,CHI,1610612741,PHI,1610612755,105,92,1,regular
0022300443,2023-12-30,2023,MIN,1610612750,LAL,1610612747,108,106,1,regular
0022300444,2023-12-30,2023,GSW,1610612744,DAL,1610612742,122,132,0,regular
0022300445,2023-12-31,2023,WAS,1610612764,ATL,1610612737,126,130,0,regular
0022300446,2023-12-31,2023,NOP,1610612740,LAL,1610612747,129,109,1,regular
0022300447,2023-12-31,2023,OKC,1610612760,BKN,1610612751,124,108,1,regular
0022300448,2023-12-31,2023,SAS,1610612759,BOS,1610612738,101,134,0,regular
0022300449,2023-12-31,2023,MEM,1610612763,SAC,1610612758,92,123,0,regular
0022300450,2023-12-31,2023,PHX,1610612756,ORL,1610612753,112,107,1,regular
0022300451,2024-01-01,2023,NYK,1610612752,MIN,1610612750,112,106,1,regular
0022300452,2024-01-01,2023,TOR,1610612761,CLE,1610612739,124,121,1,regular
0022300453,2024-01-01,2023,HOU,1610612745,DET,1610612765,136,113,1,regular
0022300454,2024-01-01,2023,MIL,1610612749,IND,1610612754,113,122,0,regular
0022300455,2024-01-01,2023,DEN,1610612743,CHA,1610612766,111,93,1,regular
0022300456,2024-01-01,2023,PHX,1610612756,POR,1610612757,109,88,1,regular
0022300457,2024-01-01,2023,UTA,1610612762,DAL,1610612742,127,90,1,regular
0022300458,2024-01-01,2023,LAC,1610612746,MIA,1610612748,121,104,1,regular
0022300459,2024-01-02,2023,PHI,1610612755,CHI,1610612741,110,97,1,regular
0022300460,2024-01-02,2023,MEM,1610612763,SAS,1610612759,106,98,1,regular
0022300461,2024-01-02,2023,NOP,1610612740,BKN,1610612751,112,85,1,regular
0022300462,2024-01-02,2023,OKC,1610612760,BOS,1610612738,127,123,1,regular
0022300463,2024-01-02,2023,GSW,1610612744,ORL,1610612753,121,115,1,regular
0022300464,2024-01-02,2023,SAC,1610612758,CHA,1610612766,104,111,0,regular
0022300465,2024-01-03,2023,CLE,1610612739,WAS,1610612764,140,101,1,regular
0022300466,2024-01-03,2023,IND,1610612754,MIL,1610612749,142,130,1,regular
0022300467,2024-01-03,2023,ATL,1610612737,OKC,1610612760,141,138,1,regular
0022300468,2024-01-03,2023,NYK,1610612752,CHI,1610612741,116,100,1,regular
0022300469,2024-01-03,2023,HOU,1610612745,BKN,1610612751,112,101,1,regular
0022300470,2024-01-03,2023,MEM,1610612763,TOR,1610612761,111,116,0,regular
0022300471,2024-01-03,2023,MIN,1610612750,NOP,1610612740,106,117,0,regular
0022300472,2024-01-03,2023,DAL,1610612742,POR,1610612757,126,97,1,regular
0022300473,2024-01-03,2023,PHX,1610612756,LAC,1610612746,122,131,0,regular
0022300474,2024-01-03,2023,UTA,1610612762,DET,1610612765,154,148,1,regular
0022300475,2024-01-03,2023,LAL,1610612747,MIA,1610612748,96,110,0,regular
0022300476,2024-01-03,2023,SAC,1610612758,ORL,1610612753,138,135,1,regular
0022300477,2024-01-04,2023,SAS,1610612759,MIL,1610612749,121,125,0,regular
0022300478,2024-01-04,2023,GSW,1610612744,DEN,1610612743,127,130,0,regular
0022300479,2024-01-05,2023,BOS,1610612738,UTA,1610612762,126,97,1,regular
0022300480,2024-01-05,2023,IND,1610612754,ATL,1610612737,150,116,1,regular
0022300481,2024-01-05,2023,BKN,1610612751,OKC,1610612760,124,115,1,regular
0022300482,2024-01-05,2023,CLE,1610612739,WAS,1610612764,114,90,1,regular
0022300483,2024-01-05,2023,PHI,1610612755,NYK,1610612752,92,128,0,regular
0022300484,2024-01-05,2023,CHI,1610612741,CHA,1610612766,104,91,1,regular
0022300485,2024-01-05,2023,HOU,1610612745,MIN,1610612750,95,122,0,regular
0022300486,2024-01-05,2023,NOP,1610612740,LAC,1610612746,95,111,0,regular
0022300487,2024-01-05,2023,DAL,1610612742,POR,1610612757,139,103,1,regular
0022300488,2024-01-05,2023,DEN,1610612743,ORL,1610612753,120,122,0,regular
0022300489,2024-01-05,2023,PHX,1610612756,MIA,1610612748,113,97,1,regular
0022300490,2024-01-05,2023,GSW,1610612744,DET,1610612765,113,109,1,regular
0022300491,2024-01-05,2023,LAL,1610612747,MEM,1610612763,113,127,0,regular
0022300492,2024-01-05,2023,SAC,1610612758,TOR,1610612761,135,130,1,regular
0022300493,2024-01-06,2023,IND,1610612754,BOS,1610612738,101,118,0,regular
0022300494,2024-01-06,2023,WAS,1610612764,NYK,1610612752,105,121,0,regular
0022300495,2024-01-06,2023,PHI,1610612755,UTA,1610612762,109,120,0,regular
0022300496,2024-01-06,2023,HOU,1610612745,MIL,1610612749,112,108,1,regular
0022300497,2024-01-07,2023,CLE,1610612739,SAS,1610612759,117,115,1,regular
0022300498,2024-01-07,2023,BKN,1610612751,POR,1610612757,127,134,0,regular
0022300499,2024-01-07,2023,ORL,1610612753,ATL,1610612737,117,110,1,regular
0022300500,2024-01-07,2023,SAC,1610612758,NOP,1610612740,100,133,0,regular
0022300501,2024-01-07,2023,DAL,1610612742,MIN,1610612750,115,108,1,regular
0022300502,2024-01-07,2023,DEN,1610612743,DET,1610612765,131,114,1,regular
0022300503,2024-01-07,2023,PHX,1610612756,MEM,1610612763,115,121,0,regular
0022300504,2024-01-07,2023,GSW,1610612744,TOR,1610612761,118,133,0,regular
0022300505,2024-01-07,2023,LAL,1610612747,LAC,1610612746,106,103,1,regular
0022300506,2024-01-08,2023,CHA,1610612766,CHI,1610612741,112,119,0,regular
0022300507,2024-01-08,2023,IND,1610612754,BOS,1610612738,133,131,1,regular
0022300508,2024-01-08,2023,WAS,1610612764,OKC,1610612760,128,136,0,regular
0022300509,2024-01-08,2023,MIA,1610612748,HOU,1610612745,120,113,1,regular
0022300510,2024-01-08,2023,MIL,1610612749,UTA,1610612762,116,132,0,regular
0022300511,2024-01-08,2023,LAC,1610612746,PHX,1610612756,138,111,1,regular
0022300512,2024-01-09,2023,DET,1610612765,SAC,1610612758,110,131,0,regular
0022300513,2024-01-09,2023,ORL,1610612753,MIN,1610612750,92,113,0,regular
0022300514,2024-01-09,2023,NYK,1610612752,POR,1610612757,112,84,1,regular
0022300515,2024-01-09,2023,DAL,1610612742,MEM,1610612763,103,120,0,regular
0022300516,2024-01-09,2023,LAL,1610612747,TOR,1610612761,132,131,1,regular
0022300517,2024-01-10,2023,BOS,1610612738,MIN,1610612750,127,120,1,regular
0022300518,2024-01-10,2023,CHA,1610612766,SAC,1610612758,98,123,0,regular
0022300519,2024-01-10,2023,DET,1610612765,SAS,1610612759,108,130,0,regular
0022300520,2024-01-10,2023,IND,1610612754,WAS,1610612764,112,104,1,regular
0022300521,2024-01-10,2023,ATL,1610612737,PHI,1610612755,139,132,1,regular
0022300522,2024-01-10,2023,MIA,1610612748,OKC,1610612760,120,128,0,regular
0022300523,2024-01-10,2023,CHI,1610612741,HOU,1610612745,124,119,1,regular
0022300524,2024-01-10,2023,UTA,1610612762,DEN,1610612743,124,111,1,regular
0022300525,2024-01-10,2023,GSW,1610612744,NOP,1610612740,105,141,0,regular
0022300526,2024-01-10,2023,LAC,1610612746,TOR,1610612761,126,120,1,regular
0022300527,2024-01-11,2023,CLE,1610612739,BKN,1610612751,111,102,1,regular
0022300528,2024-01-11,2023,MIL,1610612749,BOS,1610612738,135,102,1,regular
0022300529,2024-01-11,2023,OKC,1610612760,POR,1610612757,139,77,1,regular
0022300530,2024-01-11,2023,DAL,1610612742,NYK,1610612752,128,124,1,regular
0022300531,2024-01-11,2023,LAL,1610612747,PHX,1610612756,109,127,0,regular
0022300532,2024-01-12,2023,PHI,1610612755,SAC,1610612758,112,93,1,regular
0022300533,2024-01-12,2023,ATL,1610612737,IND,1610612754,108,126,0,regular
0022300534,2024-01-12,2023,DET,1610612765,HOU,1610612745,110,112,0,regular
0022300535,2024-01-12,2023,MIA,1610612748,ORL,1610612753,99,96,1,regular
0022300536,2024-01-12,2023,CHI,1610612741,GSW,1610612744,131,140,0,regular
0022300537,2024-01-12,2023,MEM,1610612763,LAC,1610612746,119,128,0,regular
0022300538,2024-01-12,2023,MIN,1610612750,POR,1610612757,116,93,1,regular
0022300539,2024-01-12,2023,DEN,1610612743,NOP,1610612740,125,113,1,regular
0022300540,2024-01-12,2023,UTA,1610612762,TOR,1610612761,145,113,1,regular
0022300541,2024-01-12,2023,SAS,1610612759,CHA,1610612766,135,99,1,regular
0022300542,2024-01-13,2023,BOS,1610612738,HOU,1610612745,145,113,1,regular
0022300543,2024-01-13,2023,ATL,1610612737,WAS,1610612764,99,127,0,regular
0022300544,2024-01-13,2023,MEM,1610612763,NYK,1610612752,94,106,0,regular
0022300545,2024-01-13,2023,MIL,1610612749,GSW,1610612744,129,118,1,regular
0022300546,2024-01-13,2023,OKC,1610612760,ORL,1610612753,112,100,1,regular
0022300547,2024-01-13,2023,DAL,1610612742,NOP,1610612740,108,118,0,regular
0022300548,2024-01-13,2023,SAS,1610612759,CHI,1610612741,116,122,0,regular
0022300549,2024-01-13,2023,UTA,1610612762,LAL,1610612747,132,125,1,regular
0022300550,2024-01-14,2023,DEN,1610612743,IND,1610612754,117,109,1,regular
0022300551,2024-01-14,2023,MIA,1610612748,CHA,1610612766,104,87,1,regular
0022300552,2024-01-14,2023,MIL,1610612749,SAC,1610612758,143,142,1,regular
0022300553,2024-01-14,2023,MIN,1610612750,LAC,1610612746,109,105,1,regular
0022300554,2024-01-14,2023,POR,1610612757,PHX,1610612756,116,127,0,regular
0022300555,2024-01-15,2023,PHI,1610612755,HOU,1610612745,124,115,1,regular
0022300556,2024-01-15,2023,DAL,1610612742,NOP,1610612740,125,120,1,regular
0022300557,2024-01-15,2023,NYK,1610612752,ORL,1610612753,94,98,0,regular
0022300558,2024-01-15,2023,WAS,1610612764,DET,1610612765,117,129,0,regular
0022300559,2024-01-15,2023,ATL,1610612737,SAS,1610612759,109,99,1,regular
0022300560,2024-01-15,2023,MEM,1610612763,GSW,1610612744,116,107,1,regular
0022300561,2024-01-15,2023,CLE,1610612739,CHI,1610612741,109,91,1,regular
0022300562,2024-01-15,2023,BKN,1610612751,MIA,1610612748,95,96,0,regular
0022300563,2024-01-15,2023,TOR,1610612761,BOS,1610612738,96,105,0,regular
0022300564,2024-01-15,2023,UTA,1610612762,IND,1610612754,132,105,1,regular
0022300565,2024-01-15,2023,LAL,1610612747,OKC,1610612760,112,105,1,regular
0022300566,2024-01-16,2023,PHI,1610612755,DEN,1610612743,126,121,1,regular
0022300567,2024-01-16,2023,PHX,1610612756,SAC,1610612758,119,117,1,regular
0022300568,2024-01-16,2023,LAC,1610612746,OKC,1610612760,128,117,1,regular
0022300569,2024-01-17,2023,DET,1610612765,MIN,1610612750,117,124,0,regular
0022300570,2024-01-17,2023,ATL,1610612737,ORL,1610612753,106,104,1,regular
0022300571,2024-01-17,2023,BOS,1610612738,SAS,1610612759,117,98,1,regular
0022300572,2024-01-17,2023,CLE,1610612739,MIL,1610612749,135,95,1,regular
0022300573,2024-01-17,2023,NYK,1610612752,HOU,1610612745,109,94,1,regular
0022300574,2024-01-17,2023,TOR,1610612761,MIA,1610612748,121,97,1,regular
0022300575,2024-01-17,2023,NOP,1610612740,CHA,1610612766,132,112,1,regular
0022300577,2024-01-17,2023,LAL,1610612747,DAL,1610612742,127,110,1,regular
0022300578,2024-01-17,2023,POR,1610612757,BKN,1610612751,105,103,1,regular
0022300579,2024-01-18,2023,NYK,1610612752,WAS,1610612764,113,109,1,regular
0022300580,2024-01-18,2023,TOR,1610612761,CHI,1610612741,110,116,0,regular
0022300581,2024-01-18,2023,UTA,1610612762,OKC,1610612760,129,134,0,regular
0022300582,2024-01-18,2023,MIN,1610612750,MEM,1610612763,118,103,1,regular
0022300583,2024-01-18,2023,SAC,1610612758,IND,1610612754,121,126,0,regular
0022300584,2024-01-19,2023,CHA,1610612766,SAS,1610612759,124,120,1,regular
0022300585,2024-01-19,2023,ORL,1610612753,PHI,1610612755,109,124,0,regular
0022300586,2024-01-19,2023,BOS,1610612738,DEN,1610612743,100,102,0,regular
0022300587,2024-01-19,2023,MIA,1610612748,ATL,1610612737,108,109,0,regular
0022300588,2024-01-19,2023,NOP,1610612740,PHX,1610612756,109,123,0,regular
0022300590,2024-01-19,2023,POR,1610612757,IND,1610612754,118,115,1,regular
0022300591,2024-01-19,2023,LAL,1610612747,BKN,1610612751,112,130,0,regular
0022300592,2024-01-20,2023,DET,1610612765,MIL,1610612749,135,141,0,regular
0022300593,2024-01-20,2023,CHA,1610612766,PHI,1610612755,89,97,0,regular
0022300594,2024-01-20,2023,WAS,1610612764,SAS,1610612759,127,131,0,regular
0022300595,2024-01-20,2023,ATL,1610612737,CLE,1610612739,95,116,0,regular
0022300596,2024-01-20,2023,NYK,1610612752,TOR,1610612761,126,100,1,regular
0022300597,2024-01-20,2023,CHI,1610612741,MEM,1610612763,125,96,1,regular
0022300598,2024-01-20,2023,HOU,1610612745,UTA,1610612762,127,126,1,regular
0022300599,2024-01-20,2023,MIN,1610612750,OKC,1610612760,97,102,0,regular
0022300600,2024-01-21,2023,LAC,1610612746,BKN,1610612751,125,114,1,regular
0022300601,2024-01-21,2023,ORL,1610612753,MIA,1610612748,105,87,1,regular
0022300602,2024-01-21,2023,WAS,1610612764,DEN,1610612743,104,113,0,regular
0022300603,2024-01-21,2023,HOU,1610612745,BOS,1610612738,107,116,0,regular
0022300604,2024-01-21,2023,PHX,1610612756,IND,1610612754,117,110,1,regular
0022300605,2024-01-21,2023,LAL,1610612747,POR,1610612757,134,110,1,regular
0022300606,2024-01-22,2023,DET,1610612765,MIL,1610612749,113,122,0,regular
0022300607,2024-01-22,2023,ORL,1610612753,CLE,1610612739,99,126,0,regular
0022300608,2024-01-22,2023,PHI,1610612755,SAS,1610612759,133,123,1,regular
0022300609,2024-01-22,2023,TOR,1610612761,MEM,1610612763,100,108,0,regular
0022300610,2024-01-22,2023,MIN,1610612750,CHA,1610612766,125,128,0,regular
0022300611,2024-01-22,2023,DAL,1610612742,BOS,1610612738,110,119,0,regular
0022300612,2024-01-22,2023,PHX,1610612756,CHI,1610612741,115,113,1,regular
0022300613,2024-01-22,2023,SAC,1610612758,ATL,1610612737,122,107,1,regular
0022300614,2024-01-23,2023,IND,1610612754,DEN,1610612743,109,114,0,regular
0022300615,2024-01-23,2023,BKN,1610612751,NYK,1610612752,103,108,0,regular
0022300616,2024-01-23,2023,NOP,1610612740,UTA,1610612762,153,124,1,regular
0022300617,2024-01-23,2023,OKC,1610612760,POR,1610612757,111,109,1,regular
0022300618,2024-01-23,2023,LAC,1610612746,LAL,1610612747,127,116,1,regular
0022300619,2024-01-24,2023,DET,1610612765,CHA,1610612766,113,106,1,regular
0022300620,2024-01-24,2023,WAS,1610612764,MIN,1610612750,107,118,0,regular
0022300621,2024-01-24,2023,MIA,1610612748,MEM,1610612763,96,105,0,regular
0022300622,2024-01-24,2023,SAS,1610612759,OKC,1610612760,114,140,0,regular
0022300623,2024-01-24,2023,HOU,1610612745,POR,1610612757,131,137,0,regular
0022300624,2024-01-24,2023,MIL,1610612749,CLE,1610612739,126,116,1,regular
0022300625,2024-01-24,2023,DAL,1610612742,PHX,1610612756,109,132,0,regular
0022300626,2024-01-24,2023,GSW,1610612744,ATL,1610612737,134,112,1,regular
0022300627,2024-01-25,2023,IND,1610612754,PHI,1610612755,134,122,1,regular
0022300628,2024-01-25,2023,WAS,1610612764,UTA,1610612762,108,123,0,regular
0022300629,2024-01-25,2023,BKN,1610612751,MIN,1610612750,94,96,0,regular
0022300630,2024-01-25,2023,MIA,1610612748,BOS,1610612738,110,143,0,regular
0022300631,2024-01-25,2023,NYK,1610612752,DEN,1610612743,122,84,1,regular
0022300632,2024-01-25,2023,GSW,1610612744,SAC,1610612758,133,134,0,regular
0022300633,2024-01-25,2023,LAL,1610612747,CHI,1610612741,141,132,1,regular
0022300634,2024-01-26,2023,ATL,1610612737,DAL,1610612742,143,148,0,regular
0022300635,2024-01-26,2023,CHA,1610612766,HOU,1610612745,104,138,0,regular
0022300636,2024-01-26,2023,IND,1610612754,PHX,1610612756,133,131,1,regular
0022300637,2024-01-26,2023,TOR,1610612761,LAC,1610612746,107,127,0,regular
0022300638,2024-01-26,2023,MEM,1610612763,ORL,1610612753,107,106,1,regular
0022300639,2024-01-26,2023,MIL,1610612749,CLE,1610612739,100,112,0,regular
0022300640,2024-01-26,2023,NOP,1610612740,OKC,1610612760,83,107,0,regular
0022300641,2024-01-26,2023,SAS,1610612759,POR,1610612757,116,100,1,regular
0022300642,2024-01-27,2023,DET,1610612765,WAS,1610612764,104,118,0,regular
0022300643,2024-01-27,2023,NYK,1610612752,MIA,1610612748,125,109,1,regular
0022300644,2024-01-27,2023,DEN,1610612743,PHI,1610612755,111,105,1,regular
0022300645,2024-01-27,2023,BKN,1610612751,HOU,1610612745,106,104,1,regular
0022300646,2024-01-27,2023,BOS,1610612738,LAC,1610612746,96,115,0,regular
0022300647,2024-01-27,2023,CHA,1610612766,UTA,1610612762,122,134,0,regular
0022300648,2024-01-27,2023,MIL,1610612749,NOP,1610612740,141,117,1,regular
0022300649,2024-01-27,2023,SAS,1610612759,MIN,1610612750,113,112,1,regular
0022300650,2024-01-27,2023,GSW,1610612744,LAL,1610612747,144,145,0,regular
0022300651,2024-01-27,2023,DAL,1610612742,SAC,1610612758,115,120,0,regular
0022300652,2024-01-28,2023,IND,1610612754,MEM,1610612763,116,110,1,regular
0022300653,2024-01-28,2023,ATL,1610612737,TOR,1610612761,126,125,1,regular
0022300654,2024-01-28,2023,DET,1610612765,OKC,1610612760,120,104,1,regular
0022300655,2024-01-28,2023,ORL,1610612753,PHX,1610612756,113,98,1,regular
0022300656,2024-01-28,2023,POR,1610612757,CHI,1610612741,96,104,0,regular
0022300657,2024-01-29,2023,CHA,1610612766,NYK,1610612752,92,113,0,regular
0022300658,2024-01-29,2023,CLE,1610612739,LAC,1610612746,118,108,1,regular
0022300659,2024-01-29,2023,BOS,1610612738,NOP,1610612740,118,112,1,regular
0022300660,2024-01-29,2023,BKN,1610612751,UTA,1610612762,147,114,1,regular
0022300661,2024-01-29,2023,MIA,1610612748,PHX,1610612756,105,118,0,regular
0022300662,2024-01-29,2023,HOU,1610612745,LAL,1610612747,135,119,1,regular
0022300663,2024-01-29,2023,MEM,1610612763,SAC,1610612758,94,103,0,regular
0022300664,2024-01-29,2023,OKC,1610612760,MIN,1610612750,101,107,0,regular
0022300665,2024-01-29,2023,SAS,1610612759,WAS,1610612764,113,118,0,regular
0022300666,2024-01-29,2023,DAL,1610612742,ORL,1610612753,131,129,1,regular
0022300667,2024-01-29,2023,DEN,1610612743,MIL,1610612749,113,107,1,regular
0022300668,2024-01-29,2023,POR,1610612757,PHI,1610612755,130,104,1,regular
0022300669,2024-01-30,2023,ATL,1610612737,LAL,1610612747,138,122,1,regular
0022300670,2024-01-30,2023,BOS,1610612738,IND,1610612754,129,124,1,regular
0022300671,2024-01-30,2023,NYK,1610612752,UTA,1610612762,118,103,1,regular
0022300672,2024-01-30,2023,CHI,1610612741,TOR,1610612761,107,118,0,regular
0022300673,2024-01-30,2023,GSW,1610612744,PHI,1610612755,119,107,1,regular
0022300674,2024-01-31,2023,CHA,1610612766,CHI,1610612741,110,117,0,regular
0022300675,2024-01-31,2023,CLE,1610612739,DET,1610612765,128,121,1,regular
0022300676,2024-01-31,2023,WAS,1610612764,LAC,1610612746,109,125,0,regular
0022300677,2024-01-31,2023,BKN,1610612751,PHX,1610612756,120,136,0,regular
0022300678,2024-01-31,2023,MIA,1610612748,SAC,1610612758,115,106,1,regular
0022300679,2024-01-31,2023,HOU,1610612745,NOP,1610612740,99,110,0,regular
0022300680,2024-01-31,2023,MIN,1610612750,DAL,1610612742,121,87,1,regular
0022300681,2024-01-31,2023,SAS,1610612759,ORL,1610612753,98,108,0,regular
0022300682,2024-01-31,2023,OKC,1610612760,DEN,1610612743,105,100,1,regular
0022300683,2024-01-31,2023,POR,1610612757,MIL,1610612749,119,116,1,regular
0022300684,2024-02-01,2023,BOS,1610612738,LAL,1610612747,105,114,0,regular
0022300685,2024-02-01,2023,NYK,1610612752,IND,1610612754,109,105,1,regular
0022300686,2024-02-01,2023,UTA,1610612762,PHI,1610612755,124,127,0,regular
0022300687,2024-02-01,2023,MEM,1610612763,CLE,1610612739,101,108,0,regular
0022300688,2024-02-02,2023,DET,1610612765,LAC,1610612746,125,136,0,regular
0022300689,2024-02-02,2023,WAS,1610612764,MIA,1610612748,102,110,0,regular
0022300690,2024-02-02,2023,ATL,1610612737,PHX,1610612756,129,120,1,regular
0022300691,2024-02-02,2023,IND,1610612754,SAC,1610612758,122,133,0,regular
0022300692,2024-02-02,2023,HOU,1610612745,TOR,1610612761,135,106,1,regular
0022300693,2024-02-02,2023,MEM,1610612763,GSW,1610612744,101,121,0,regular
0022300694,2024-02-02,2023,MIN,1610612750,ORL,1610612753,106,108,0,regular
0022300695,2024-02-02,2023,OKC,1610612760,CHA,1610612766,126,106,1,regular
0022300696,2024-02-02,2023,SAS,1610612759,NOP,1610612740,113,114,0,regular
0022300697,2024-02-02,2023,DEN,1610612743,POR,1610612757,120,108,1,regular
0022300698,2024-02-03,2023,PHI,1610612755,BKN,1610612751,121,136,0,regular
0022300699,2024-02-03,2023,ATL,1610612737,GSW,1610612744,141,134,1,regular
0022300700,2024-02-03,2023,CHI,1610612741,SAC,1610612758,115,123,0,regular
0022300701,2024-02-03,2023,NYK,1610612752,LAL,1610612747,105,113,0,regular
0022300702,2024-02-03,2023,DAL,1610612742,MIL,1610612749,117,129,0,regular
0022300703,2024-02-03,2023,SAS,1610612759,CLE,1610612739,101,117,0,regular
0022300704,2024-02-04,2023,DET,1610612765,ORL,1610612753,99,111,0,regular
0022300705,2024-02-04,2023,WAS,1610612764,PHX,1610612756,112,140,0,regular
0022300706,2024-02-04,2023,BOS,1610612738,MEM,1610612763,131,91,1,regular
0022300707,2024-02-04,2023,CHA,1610612766,IND,1610612754,99,115,0,regular
0022300708,2024-02-04,2023,MIA,1610612748,LAC,1610612746,95,103,0,regular
0022300709,2024-02-04,2023,MIN,1610612750,HOU,1610612745,111,90,1,regular
0022300710,2024-02-04,2023,OKC,1610612760,TOR,1610612761,135,127,1,regular
0022300711,2024-02-04,2023,UTA,1610612762,MIL,1610612749,123,108,1,regular
0022300712,2024-02-04,2023,DEN,1610612743,POR,1610612757,112,103,1,regular
0022300713,2024-02-05,2023,CHA,1610612766,LAL,1610612747,118,124,0,regular
0022300714,2024-02-05,2023,CLE,1610612739,SAC,1610612758,136,110,1,regular
0022300715,2024-02-05,2023,PHI,1610612755,DAL,1610612742,102,118,0,regular
0022300716,2024-02-05,2023,ATL,1610612737,LAC,1610612746,144,149,0,regular
0022300717,2024-02-05,2023,BKN,1610612751,GSW,1610612744,98,109,0,regular
0022300718,2024-02-05,2023,NOP,1610612740,TOR,1610612761,138,100,1,regular
0022300719,2024-02-06,2023,IND,1610612754,HOU,1610612745,132,129,1,regular
0022300720,2024-02-06,2023,BKN,1610612751,DAL,1610612742,107,119,0,regular
0022300721,2024-02-06,2023,MIA,1610612748,ORL,1610612753,121,95,1,regular
0022300722,2024-02-06,2023,NYK,1610612752,MEM,1610612763,123,113,1,regular
0022300723,2024-02-06,2023,CHI,1610612741,MIN,1610612750,129,123,1,regular
0022300724,2024-02-06,2023,UTA,1610612762,OKC,1610612760,124,117,1,regular
0022300725,2024-02-06,2023,PHX,1610612756,MIL,1610612749,114,106,1,regular
0022300726,2024-02-07,2023,CHA,1610612766,TOR,1610612761,117,123,0,regular
0022300727,2024-02-07,2023,PHI,1610612755,GSW,1610612744,104,127,0,regular
0022300728,2024-02-07,2023,WAS,1610612764,CLE,1610612739,106,114,0,regular
0022300729,2024-02-07,2023,BOS,1610612738,ATL,1610612737,125,117,1,regular
0022300730,2024-02-07,2023,MIA,1610612748,SAS,1610612759,116,104,1,regular
0022300731,2024-02-07,2023,LAC,1610612746,NOP,1610612740,106,117,0,regular
0022300732,2024-02-07,2023,SAC,1610612758,DET,1610612765,120,133,0,regular
0022300733,2024-02-08,2023,IND,1610612754,GSW,1610612744,109,131,0,regular
0022300734,2024-02-08,2023,ORL,1610612753,SAS,1610612759,127,111,1,regular
0022300735,2024-02-08,2023,BKN,1610612751,CLE,1610612739,95,118,0,regular
0022300736,2024-02-08,2023,NYK,1610612752,DAL,1610612742,108,122,0,regular
0022300737,2024-02-08,2023,MEM,1610612763,CHI,1610612741,110,118,0,regular
0022300738,2024-02-08,2023,MIL,1610612749,MIN,1610612750,105,129,0,regular
0022300739,2024-02-08,2023,PHX,1610612756,UTA,1610612762,129,115,1,regular
0022300740,2024-02-08,2023,LAL,1610612747,DEN,1610612743,106,114,0,regular
0022300741,2024-02-08,2023,POR,1610612757,DET,1610612765,122,128,0,regular
0022300742,2024-02-09,2023,PHI,1610612755,ATL,1610612737,121,127,0,regular
0022300743,2024-02-09,2023,BOS,1610612738,WAS,1610612764,133,129,1,regular
0022300744,2024-02-09,2023,TOR,1610612761,HOU,1610612745,107,104,1,regular
0022300745,2024-02-09,2023,MIL,1610612749,CHA,1610612766,120,84,1,regular
0022300746,2024-02-09,2023,SAC,1610612758,DEN,1610612743,135,106,1,regular
0022300747,2024-02-09,2023,LAL,1610612747,NOP,1610612740,139,122,1,regular
0022300748,2024-02-10,2023,DAL,1610612742,OKC,1610612760,146,111,1,regular
0022300749,2024-02-10,2023,LAC,1610612746,DET,1610612765,112,106,1,regular
0022300750,2024-02-10,2023,BKN,1610612751,SAS,1610612759,123,103,1,regular
0022300751,2024-02-10,2023,CHA,1610612766,MEM,1610612763,115,106,1,regular
0022300752,2024-02-10,2023,ORL,1610612753,CHI,1610612741,114,108,1,regular
0022300753,2024-02-10,2023,WAS,1610612764,PHI,1610612755,113,119,0,regular
0022300754,2024-02-10,2023,ATL,1610612737,HOU,1610612745,122,113,1,regular
0022300755,2024-02-10,2023,NYK,1610612752,IND,1610612754,111,125,0,regular
0022300756,2024-02-10,2023,TOR,1610612761,CLE,1610612739,95,119,0,regular
0022300757,2024-02-10,2023,GSW,1610612744,PHX,1610612756,113,112,1,regular
0022300758,2024-02-10,2023,POR,1610612757,NOP,1610612740,84,93,0,regular
0022300759,2024-02-11,2023,MIA,1610612748,BOS,1610612738,106,110,0,regular
0022300760,2024-02-11,2023,OKC,1610612760,SAC,1610612758,127,113,1,regular
0022300761,2024-02-12,2023,CHA,1610612766,IND,1610612754,111,102,1,regular
0022300762,2024-02-12,2023,CLE,1610612739,PHI,1610612755,121,123,0,regular
0022300763,2024-02-12,2023,ATL,1610612737,CHI,1610612741,126,136,0,regular
0022300764,2024-02-12,2023,TOR,1610612761,SAS,1610612759,99,122,0,regular
0022300765,2024-02-12,2023,HOU,1610612745,NYK,1610612752,105,103,1,regular
0022300766,2024-02-12,2023,MEM,1610612763,NOP,1610612740,87,96,0,regular
0022300767,2024-02-12,2023,MIL,1610612749,DEN,1610612743,112,95,1,regular
0022300768,2024-02-12,2023,DAL,1610612742,WAS,1610612764,112,104,1,regular
0022300769,2024-02-12,2023,UTA,1610612762,GSW,1610612744,107,129,0,regular
0022300770,2024-02-12,2023,LAC,1610612746,MIN,1610612750,100,121,0,regular
0022300771,2024-02-13,2023,BKN,1610612751,BOS,1610612738,110,118,0,regular
0022300772,2024-02-13,2023,ORL,1610612753,OKC,1610612760,113,127,0,regular
0022300773,2024-02-13,2023,MIL,1610612749,MIA,1610612748,97,123,0,regular
0022300774,2024-02-13,2023,PHX,1610612756,SAC,1610612758,130,125,1,regular
0022300775,2024-02-13,2023,POR,1610612757,MIN,1610612750,109,121,0,regular
0022300776,2024-02-13,2023,LAL,1610612747,DET,1610612765,125,111,1,regular
0022300777,2024-02-14,2023,CHA,1610612766,ATL,1610612737,122,99,1,regular
0022300778,2024-02-14,2023,ORL,1610612753,NYK,1610612752,118,100,1,regular
0022300779,2024-02-14,2023,PHI,1610612755,MIA,1610612748,104,109,0,regular
0022300780,2024-02-14,2023,BOS,1610612738,BKN,1610612751,136,86,1,regular
0022300781,2024-02-14,2023,CLE,1610612739,CHI,1610612741,108,105,1,regular
0022300782,2024-02-14,2023,TOR,1610612761,IND,1610612754,125,127,0,regular
0022300783,2024-02-14,2023,MEM,1610612763,HOU,1610612745,121,113,1,regular
0022300784,2024-02-14,2023,NOP,1610612740,WAS,1610612764,133,126,1,regular
0022300785,2024-02-14,2023,DAL,1610612742,SAS,1610612759,116,93,1,regular
0022300786,2024-02-14,2023,DEN,1610612743,SAC,1610612758,98,102,0,regular
0022300787,2024-02-14,2023,PHX,1610612756,DET,1610612765,116,100,1,regular
0022300788,2024-02-14,2023,UTA,1610612762,LAL,1610612747,122,138,0,regular
0022300789,2024-02-14,2023,GSW,1610612744,LAC,1610612746,125,130,0,regular
0022300576,2024-02-15,2023,UTA,1610612762,GSW,1610612744,137,140,0,regular
0022300790,2024-02-15,2023,MEM,1610612763,MIL,1610612749,113,110,1,regular
0022300791,2024-02-15,2023,POR,1610612757,MIN,1610612750,91,128,0,regular
0022300792,2024-02-22,2023,CLE,1610612739,ORL,1610612753,109,116,0,regular
0022300793,2024-02-22,2023,IND,1610612754,DET,1610612765,129,115,1,regular
0022300794,2024-02-22,2023,PHI,1610612755,NYK,1610612752,96,110,0,regular
0022300795,2024-02-22,2023,TOR,1610612761,BKN,1610612751,121,93,1,regular
0022300796,2024-02-22,2023,DAL,1610612742,PHX,1610612756,123,113,1,regular
0022300797,2024-02-22,2023,CHI,1610612741,BOS,1610612738,112,129,0,regular
0022300798,2024-02-22,2023,NOP,1610612740,HOU,1610612745,127,105,1,regular
0022300799,2024-02-22,2023,OKC,1610612760,LAC,1610612746,129,107,1,regular
0022300800,2024-02-22,2023,DEN,1610612743,WAS,1610612764,130,110,1,regular
0022300801,2024-02-22,2023,UTA,1610612762,CHA,1610612766,107,115,0,regular
0022300802,2024-02-22,2023,GSW,1610612744,LAL,1610612747,128,110,1,regular
0022300803,2024-02-22,2023,SAC,1610612758,SAS,1610612759,127,122,1,regular
0022300804,2024-02-23,2023,ATL,1610612737,TOR,1610612761,121,123,0,regular
0022300805,2024-02-23,2023,PHI,1610612755,CLE,1610612739,104,97,1,regular
0022300806,2024-02-23,2023,HOU,1610612745,PHX,1610612756,114,110,1,regular
0022300807,2024-02-23,2023,MEM,1610612763,LAC,1610612746,95,101,0,regular
0022300808,2024-02-23,2023,MIN,1610612750,MIL,1610612749,107,112,0,regular
0022300809,2024-02-23,2023,OKC,1610612760,WAS,1610612764,147,106,1,regular
0022300810,2024-02-23,2023,NOP,1610612740,MIA,1610612748,95,106,0,regular
0022300811,2024-02-23,2023,GSW,1610612744,CHA,1610612766,97,84,1,regular
0022300812,2024-02-23,2023,POR,1610612757,DEN,1610612743,112,127,0,regular
0022300813,2024-02-23,2023,LAL,1610612747,SAS,1610612759,123,118,1,regular
0022300814,2024-02-24,2023,DET,1610612765,ORL,1610612753,109,112,0,regular
0022300815,2024-02-24,2023,MIN,1610612750,BKN,1610612751,101,86,1,regular
0022300816,2024-02-24,2023,NYK,1610612752,BOS,1610612738,102,116,0,regular
0022300817,2024-02-25,2023,PHI,1610612755,MIL,1610612749,98,119,0,regular
0022300818,2024-02-25,2023,PHX,1610612756,LAL,1610612747,123,113,1,regular
0022300819,2024-02-25,2023,IND,1610612754,DAL,1610612742,133,111,1,regular
0022300820,2024-02-25,2023,WAS,1610612764,CLE,1610612739,105,114,0,regular
0022300821,2024-02-25,2023,ATL,1610612737,ORL,1610612753,109,92,1,regular
0022300822,2024-02-25,2023,HOU,1610612745,OKC,1610612760,110,123,0,regular
0022300823,2024-02-25,2023,NOP,1610612740,CHI,1610612741,106,114,0,regular
0022300824,2024-02-25,2023,GSW,1610612744,DEN,1610612743,103,119,0,regular
0022300825,2024-02-25,2023,UTA,1610612762,SAS,1610612759,128,109,1,regular
0022300826,2024-02-25,2023,POR,1610612757,CHA,1610612766,80,93,0,regular
0022300827,2024-02-25,2023,LAC,1610612746,SAC,1610612758,107,123,0,regular
0022300828,2024-02-26,2023,NYK,1610612752,DET,1610612765,113,111,1,regular
0022300829,2024-02-26,2023,IND,1610612754,TOR,1610612761,122,130,0,regular
0022300830,2024-02-26,2023,MEM,1610612763,BKN,1610612751,86,111,0,regular
0022300831,2024-02-26,2023,SAC,1610612758,MIA,1610612748,110,121,0,regular
0022300832,2024-02-27,2023,CLE,1610612739,DAL,1610612742,121,119,1,regular
0022300833,2024-02-27,2023,ORL,1610612753,BKN,1610612751,108,81,1,regular
0022300834,2024-02-27,2023,WAS,1610612764,GSW,1610612744,112,123,0,regular
0022300835,2024-02-27,2023,ATL,1610612737,UTA,1610612762,124,97,1,regular
0022300836,2024-02-27,2023,BOS,1610612738,PHI,1610612755,117,99,1,regular
0022300837,2024-02-27,2023,NYK,1610612752,NOP,1610612740,92,115,0,regular
0022300838,2024-02-27,2023,MIN,1610612750,SAS,1610612759,114,105,1,regular
0022300839,2024-02-27,2023,CHI,1610612741,DET,1610612765,95,105,0,regular
0022300840,2024-02-27,2023,MIL,1610612749,CHA,1610612766,123,85,1,regular
0022300841,2024-02-27,2023,OKC,1610612760,HOU,1610612745,112,95,1,regular
0022300842,2024-02-27,2023,POR,1610612757,MIA,1610612748,96,106,0,regular
0022300843,2024-02-28,2023,IND,1610612754,NOP,1610612740,123,114,1,regular
0022300844,2024-02-28,2023,TOR,1610612761,DAL,1610612742,125,136,0,regular
0022300845,2024-02-28,2023,MIN,1610612750,MEM,1610612763,110,101,1,regular
0022300846,2024-02-28,2023,CHI,1610612741,CLE,1610612739,132,123,1,regular
0022300847,2024-02-28,2023,DEN,1610612743,SAC,1610612758,117,96,1,regular
0022300848,2024-02-28,2023,LAC,1610612746,LAL,1610612747,112,116,0,regular
0022300849,2024-02-29,2023,CHA,1610612766,MIL,1610612749,99,111,0,regular
0022300850,2024-02-29,2023,ORL,1610612753,UTA,1610612762,115,107,1,regular
0022300851,2024-02-29,2023,BKN,1610612751,ATL,1610612737,124,97,1,regular
0022300852,2024-02-29,2023,NYK,1610612752,GSW,1610612744,99,110,0,regular
0022300853,2024-02-29,2023,SAS,1610612759,OKC,1610612760,132,118,1,regular
0022300854,2024-02-29,2023,PHX,1610612756,HOU,1610612745,110,105,1,regular
0022300855,2024-02-29,2023,DEN,1610612743,MIA,1610612748,103,97,1,regular
0022300856,2024-02-29,2023,LAL,1610612747,WAS,1610612764,134,131,1,regular
0022300857,2024-03-01,2023,DET,1610612765,CLE,1610612739,100,110,0,regular
0022300858,2024-03-01,2023,PHI,1610612755,CHA,1610612766,121,114,1,regular
0022300859,2024-03-01,2023,BOS,1610612738,DAL,1610612742,138,110,1,regular
0022300860,2024-03-01,2023,TOR,1610612761,GSW,1610612744,105,120,0,regular
0022300861,2024-03-01,2023,MEM,1610612763,POR,1610612757,92,122,0,regular
0022300862,2024-03-01,2023,MIN,1610612750,SAC,1610612758,120,124,0,regular
0022300863,2024-03-01,2023,NOP,1610612740,IND,1610612754,129,102,1,regular
0022300864,2024-03-01,2023,CHI,1610612741,MIL,1610612749,97,113,0,regular
0022300865,2024-03-01,2023,LAC,1610612746,WAS,1610612764,140,115,1,regular
0022300866,2024-03-02,2023,BKN,1610612751,ATL,1610612737,114,102,1,regular
0022300867,2024-03-02,2023,MIA,1610612748,UTA,1610612762,126,120,1,regular
0022300868,2024-03-02,2023,MEM,1610612763,POR,1610612757,100,107,0,regular
0022300869,2024-03-02,2023,LAL,1610612747,DEN,1610612743,114,124,0,regular
0022300870,2024-03-02,2023,PHX,1610612756,HOU,1610612745,109,118,0,regular
0022300871,2024-03-03,2023,DAL,1610612742,PHI,1610612755,116,120,0,regular
0022300872,2024-03-03,2023,BOS,1610612738,GSW,1610612744,140,88,1,regular
0022300873,2024-03-03,2023,MIN,1610612750,LAC,1610612746,88,89,0,regular
0022300874,2024-03-03,2023,ORL,1610612753,DET,1610612765,113,91,1,regular
0022300875,2024-03-03,2023,TOR,1610612761,CHA,1610612766,111,106,1,regular
0022300876,2024-03-03,2023,CLE,1610612739,NYK,1610612752,98,107,0,regular
0022300877,2024-03-03,2023,SAS,1610612759,IND,1610612754,117,105,1,regular
0022300878,2024-03-03,2023,PHX,1610612756,OKC,1610612760,110,118,0,regular
0022300879,2024-03-04,2023,BKN,1610612751,MEM,1610612763,102,106,0,regular
0022300880,2024-03-04,2023,MIL,1610612749,LAC,1610612746,113,106,1,regular
0022300881,2024-03-04,2023,MIN,1610612750,POR,1610612757,119,114,1,regular
0022300882,2024-03-04,2023,UTA,1610612762,WAS,1610612764,127,115,1,regular
0022300883,2024-03-04,2023,SAC,1610612758,CHI,1610612741,109,113,0,regular
0022300884,2024-03-04,2023,LAL,1610612747,OKC,1610612760,116,104,1,regular
0022300885,2024-03-05,2023,CHA,1610612766,ORL,1610612753,89,101,0,regular
0022300886,2024-03-05,2023,CLE,1610612739,BOS,1610612738,105,104,1,regular
0022300887,2024-03-05,2023,BKN,1610612751,PHI,1610612755,112,107,1,regular
0022300888,2024-03-05,2023,MIA,1610612748,DET,1610612765,118,110,1,regular
0022300889,2024-03-05,2023,NYK,1610612752,ATL,1610612737,100,116,0,regular
0022300890,2024-03-05,2023,TOR,1610612761,NOP,1610612740,98,139,0,regular
0022300891,2024-03-05,2023,HOU,1610612745,SAS,1610612759,114,101,1,regular
0022300892,2024-03-05,2023,DAL,1610612742,IND,1610612754,120,137,0,regular
0022300893,2024-03-05,2023,DEN,1610612743,PHX,1610612756,107,117,0,regular
0022300894,2024-03-06,2023,WAS,1610612764,ORL,1610612753,109,119,0,regular
0022300895,2024-03-06,2023,ATL,1610612737,CLE,1610612739,112,101,1,regular
0022300896,2024-03-06,2023,PHI,1610612755,MEM,1610612763,109,115,0,regular
0022300897,2024-03-06,2023,HOU,1610612745,LAC,1610612746,116,122,0,regular
0022300898,2024-03-06,2023,UTA,1610612762,CHI,1610612741,117,119,0,regular
0022300899,2024-03-06,2023,GSW,1610612744,MIL,1610612749,125,90,1,regular
0022300900,2024-03-06,2023,POR,1610612757,OKC,1610612760,120,128,0,regular
0022300901,2024-03-06,2023,LAL,1610612747,SAC,1610612758,120,130,0,regular
0022300902,2024-03-07,2023,DET,1610612765,BKN,1610612751,118,112,1,regular
0022300903,2024-03-07,2023,IND,1610612754,MIN,1610612750,111,113,0,regular
0022300904,2024-03-07,2023,DAL,1610612742,MIA,1610612748,114,108,1,regular
0022300905,2024-03-07,2023,PHX,1610612756,TOR,1610612761,120,113,1,regular
0022300906,2024-03-07,2023,DEN,1610612743,BOS,1610612738,115,109,1,regular
0022300907,2024-03-07,2023,GSW,1610612744,CHI,1610612741,122,125,0,regular
0022300908,2024-03-07,2023,SAC,1610612758,SAS,1610612759,131,129,1,regular
0022300909,2024-03-08,2023,PHI,1610612755,NOP,1610612740,95,103,0,regular
0022300910,2024-03-08,2023,WAS,1610612764,CHA,1610612766,112,100,1,regular
0022300911,2024-03-08,2023,CLE,1610612739,MIN,1610612750,113,104,1,regular
0022300912,2024-03-08,2023,NYK,1610612752,ORL,1610612753,98,74,1,regular
0022300913,2024-03-08,2023,MEM,1610612763,ATL,1610612737,92,99,0,regular
0022300914,2024-03-08,2023,OKC,1610612760,MIA,1610612748,107,100,1,regular
0022300915,2024-03-08,2023,LAL,1610612747,MIL,1610612749,123,122,1,regular
0022300916,2024-03-08,2023,POR,1610612757,HOU,1610612745,107,123,0,regular
0022300917,2024-03-09,2023,LAC,1610612746,CHI,1610612741,112,102,1,regular
0022300918,2024-03-09,2023,CHA,1610612766,BKN,1610612751,110,99,1,regular
0022300919,2024-03-09,2023,DET,1610612765,DAL,1610612742,124,142,0,regular
0022300920,2024-03-09,2023,PHX,1610612756,BOS,1610612738,107,117,0,regular
0022300921,2024-03-09,2023,GSW,1610612744,SAS,1610612759,113,126,0,regular
0022300922,2024-03-09,2023,DEN,1610612743,UTA,1610612762,142,121,1,regular
0022300923,2024-03-09,2023,POR,1610612757,TOR,1610612761,128,118,1,regular
0022300924,2024-03-10,2023,LAC,1610612746,MIL,1610612749,117,124,0,regular
0022300925,2024-03-10,2023,ATL,1610612737,NOP,1610612740,103,116,0,regular
0022300926,2024-03-10,2023,MIA,1610612748,WAS,1610612764,108,110,0,regular
0022300927,2024-03-10,2023,NYK,1610612752,PHI,1610612755,73,79,0,regular
0022300928,2024-03-10,2023,ORL,1610612753,IND,1610612754,97,111,0,regular
0022300929,2024-03-10,2023,SAC,1610612758,HOU,1610612745,104,112,0,regular
0022300930,2024-03-10,2023,CLE,1610612739,BKN,1610612751,101,120,0,regular
0022300931,2024-03-10,2023,OKC,1610612760,MEM,1610612763,124,93,1,regular
0022300932,2024-03-10,2023,LAL,1610612747,MIN,1610612750,120,109,1,regular
0022300933,2024-03-11,2023,DET,1610612765,CHA,1610612766,114,97,1,regular
0022300934,2024-03-11,2023,CLE,1610612739,PHX,1610612756,111,117,0,regular
0022300935,2024-03-11,2023,CHI,1610612741,DAL,1610612742,92,127,0,regular
0022300936,2024-03-11,2023,SAS,1610612759,GSW,1610612744,102,112,0,regular
0022300937,2024-03-11,2023,DEN,1610612743,TOR,1610612761,125,119,1,regular
0022300938,2024-03-11,2023,POR,1610612757,BOS,1610612738,99,121,0,regular
0022300939,2024-03-12,2023,NYK,1610612752,PHI,1610612755,106,79,1,regular
0022300940,2024-03-12,2023,MEM,1610612763,WAS,1610612764,109,97,1,regular
0022300941,2024-03-12,2023,OKC,1610612760,IND,1610612754,111,121,0,regular
0022300942,2024-03-12,2023,SAS,1610612759,HOU,1610612745,101,103,0,regular
0022300943,2024-03-12,2023,UTA,1610612762,BOS,1610612738,107,123,0,regular
0022300944,2024-03-12,2023,LAC,1610612746,MIN,1610612750,100,118,0,regular
0022300945,2024-03-12,2023,SAC,1610612758,MIL,1610612749,129,94,1,regular
0022300946,2024-03-13,2023,DET,1610612765,TOR,1610612761,113,104,1,regular
0022300947,2024-03-13,2023,ORL,1610612753,BKN,1610612751,114,106,1,regular
0022300948,2024-03-13,2023,IND,1610612754,CHI,1610612741,129,132,0,regular
0022300949,2024-03-13,2023,MIA,1610612748,DEN,1610612743,88,100,0,regular
0022300950,2024-03-13,2023,MEM,1610612763,CHA,1610612766,98,110,0,regular
0022300951,2024-03-13,2023,NOP,1610612740,CLE,1610612739,95,116,0,regular
0022300952,2024-03-13,2023,DAL,1610612742,GSW,1610612744,109,99,1,regular
0022300953,2024-03-13,2023,POR,1610612757,ATL,1610612737,106,102,1,regular
0022300954,2024-03-13,2023,SAC,1610612758,LAL,1610612747,120,107,1,regular
0022300955,2024-03-14,2023,BOS,1610612738,PHX,1610612756,127,112,1,regular
0022300956,2024-03-14,2023,CHI,1610612741,LAC,1610612746,111,126,0,regular
0022300957,2024-03-14,2023,HOU,1610612745,WAS,1610612764,135,119,1,regular
0022300958,2024-03-14,2023,MIL,1610612749,PHI,1610612755,114,105,1,regular
0022300959,2024-03-14,2023,OKC,1610612760,DAL,1610612742,126,119,1,regular
0022300960,2024-03-14,2023,POR,1610612757,NYK,1610612752,93,105,0,regular
0022300961,2024-03-15,2023,CHA,1610612766,PHX,1610612756,96,107,0,regular
0022300962,2024-03-15,2023,DET,1610612765,MIA,1610612748,95,108,0,regular
0022300963,2024-03-15,2023,TOR,1610612761,ORL,1610612753,103,113,0,regular
0022300964,2024-03-15,2023,NOP,1610612740,LAC,1610612746,112,104,1,regular
0022300965,2024-03-15,2023,SAS,1610612759,DEN,1610612743,106,117,0,regular
0022300966,2024-03-15,2023,UTA,1610612762,ATL,1610612737,124,122,1,regular
0022300967,2024-03-16,2023,HOU,1610612745,CLE,1610612739,117,103,1,regular
0022300968,2024-03-16,2023,IND,1610612754,BKN,1610612751,121,100,1,regular
0022300969,2024-03-16,2023,PHI,1610612755,CHA,1610612766,109,98,1,regular
0022300970,2024-03-16,2023,NOP,1610612740,POR,1610612757,126,107,1,regular
0022300971,2024-03-16,2023,CHI,1610612741,WAS,1610612764,127,98,1,regular
0022300972,2024-03-16,2023,MEM,1610612763,OKC,1610612760,112,118,0,regular
0022300973,2024-03-16,2023,LAL,1610612747,GSW,1610612744,121,128,0,regular
0022300974,2024-03-16,2023,UTA,1610612762,MIN,1610612750,100,119,0,regular
0022300975,2024-03-16,2023,SAC,1610612758,NYK,1610612752,91,98,0,regular
0022300976,2024-03-17,2023,MIL,1610612749,PHX,1610612756,140,129,1,regular
0022300977,2024-03-17,2023,DET,1610612765,MIA,1610612748,101,104,0,regular
0022300978,2024-03-17,2023,DAL,1610612742,DEN,1610612743,107,105,1,regular
0022300979,2024-03-17,2023,ORL,1610612753,TOR,1610612761,111,96,1,regular
0022300980,2024-03-17,2023,WAS,1610612764,BOS,1610612738,104,130,0,regular
0022300981,2024-03-17,2023,SAS,1610612759,BKN,1610612751,122,115,1,regular
0022300982,2024-03-17,2023,LAC,1610612746,ATL,1610612737,93,110,0,regular
0022300983,2024-03-18,2023,IND,1610612754,CLE,1610612739,103,108,0,regular
0022300984,2024-03-18,2023,BOS,1610612738,DET,1610612765,119,94,1,regular
0022300985,2024-03-18,2023,PHI,1610612755,MIA,1610612748,98,91,1,regular
0022300986,2024-03-18,2023,CHI,1610612741,POR,1610612757,110,107,1,regular
0022300987,2024-03-18,2023,UTA,1610612762,MIN,1610612750,104,114,0,regular
0022300988,2024-03-18,2023,GSW,1610612744,NYK,1610612752,112,119,0,regular
0022300989,2024-03-18,2023,SAC,1610612758,MEM,1610612763,121,111,1,regular
0022300990,2024-03-18,2023,LAL,1610612747,ATL,1610612737,136,105,1,regular
0022300991,2024-03-19,2023,ORL,1610612753,CHA,1610612766,112,92,1,regular
0022300992,2024-03-19,2023,WAS,1610612764,HOU,1610612745,114,137,0,regular
0022300993,2024-03-19,2023,BKN,1610612751,NOP,1610612740,91,104,0,regular
0022300994,2024-03-19,2023,SAS,1610612759,DAL,1610612742,107,113,0,regular
0022300995,2024-03-19,2023,MIN,1610612750,DEN,1610612743,112,115,0,regular
0022300996,2024-03-20,2023,CLE,1610612739,MIA,1610612748,104,107,0,regular
0022300997,2024-03-20,2023,DET,1610612765,IND,1610612754,103,122,0,regular
0022300998,2024-03-20,2023,BOS,1610612738,MIL,1610612749,122,119,1,regular
0022300999,2024-03-20,2023,TOR,1610612761,SAC,1610612758,89,123,0,regular
0022301000,2024-03-20,2023,OKC,1610612760,UTA,1610612762,119,107,1,regular
0022301001,2024-03-20,2023,GSW,1610612744,MEM,1610612763,137,116,1,regular
0022301002,2024-03-20,2023,PHX,1610612756,PHI,1610612755,115,102,1,regular
0022301003,2024-03-20,2023,POR,1610612757,LAC,1610612746,103,116,0,regular
0022301004,2024-03-21,2023,ORL,1610612753,NOP,1610612740,121,106,1,regular
0022301005,2024-03-21,2023,WAS,1610612764,SAC,1610612758,109,102,1,regular
0022301006,2024-03-21,2023,HOU,1610612745,CHI,1610612741,127,117,1,regular
0022301007,2024-03-21,2023,MIL,1610612749,BKN,1610612751,115,108,1,regular
0022301008,2024-03-21,2023,DAL,1610612742,UTA,1610612762,113,97,1,regular
0022301009,2024-03-21,2023,DEN,1610612743,NYK,1610612752,113,100,1,regular
0022301010,2024-03-21,2023,PHX,1610612756,ATL,1610612737,128,115,1,regular
0022301011,2024-03-22,2023,DET,1610612765,BOS,1610612738,102,129,0,regular
0022301012,2024-03-22,2023,TOR,1610612761,OKC,1610612760,103,123,0,regular
0022301013,2024-03-22,2023,MIA,1610612748,NOP,1610612740,88,111,0,regular
0022301014,2024-03-22,2023,MIN,1610612750,CLE,1610612739,104,91,1,regular
0022301015,2024-03-22,2023,SAS,1610612759,MEM,1610612763,97,99,0,regular
0022301016,2024-03-22,2023,GSW,1610612744,IND,1610612754,111,123,0,regular
0022301017,2024-03-22,2023,POR,1610612757,LAC,1610612746,117,125,0,regular
0022301018,2024-03-22,2023,LAL,1610612747,PHI,1610612755,101,94,1,regular
0022301019,2024-03-23,2023,NYK,1610612752,BKN,1610612751,105,93,1,regular
0022301020,2024-03-23,2023,ORL,1610612753,SAC,1610612758,107,109,0,regular
0022301021,2024-03-23,2023,ATL,1610612737,CHA,1610612766,132,91,1,regular
0022301022,2024-03-23,2023,WAS,1610612764,TOR,1610612761,112,109,1,regular
0022301023,2024-03-23,2023,CHI,1610612741,BOS,1610612738,113,124,0,regular
0022301024,2024-03-23,2023,HOU,1610612745,UTA,1610612762,147,119,1,regular
0022301025,2024-03-23,2023,SAS,1610612759,PHX,1610612756,106,131,0,regular
0022301026,2024-03-23,2023,POR,1610612757,DEN,1610612743,111,114,0,regular
0022301027,2024-03-24,2023,DET,1610612765,NOP,1610612740,101,114,0,regular
0022301028,2024-03-24,2023,LAC,1610612746,PHI,1610612755,107,121,0,regular
0022301029,2024-03-24,2023,MIA,1610612748,CLE,1610612739,121,84,1,regular
0022301030,2024-03-24,2023,MIL,1610612749,OKC,1610612760,118,93,1,regular
0022301031,2024-03-24,2023,MIN,1610612750,GSW,1610612744,114,110,1,regular
0022301032,2024-03-24,2023,LAL,1610612747,IND,1610612754,150,145,1,regular
0022301033,2024-03-25,2023,CLE,1610612739,CHA,1610612766,115,92,1,regular
0022301034,2024-03-25,2023,ATL,1610612737,BOS,1610612738,120,118,1,regular
0022301035,2024-03-25,2023,NYK,1610612752,DET,1610612765,124,99,1,regular
0022301036,2024-03-25,2023,TOR,1610612761,BKN,1610612751,88,96,0,regular
0022301037,2024-03-25,2023,CHI,1610612741,WAS,1610612764,105,107,0,regular
0022301038,2024-03-25,2023,HOU,1610612745,POR,1610612757,110,92,1,regular
0022301039,2024-03-25,2023,SAS,1610612759,PHX,1610612756,104,102,1,regular
0022301040,2024-03-25,2023,DEN,1610612743,MEM,1610612763,128,103,1,regular
0022301041,2024-03-25,2023,UTA,1610612762,DAL,1610612742,105,115,0,regular
0022301042,2024-03-25,2023,SAC,1610612758,PHI,1610612755,108,96,1,regular
0022301043,2024-03-25,2023,LAC,1610612746,IND,1610612754,116,133,0,regular
0022301044,2024-03-26,2023,MIA,1610612748,GSW,1610612744,92,113,0,regular
0022301045,2024-03-26,2023,MIL,1610612749,LAL,1610612747,124,128,0,regular
0022301046,2024-03-26,2023,NOP,1610612740,OKC,1610612760,112,119,0,regular
0022301047,2024-03-26,2023,SAC,1610612758,DAL,1610612742,96,132,0,regular
0022301048,2024-03-27,2023,CHA,1610612766,CLE,1610612739,118,111,1,regular
0022301049,2024-03-27,2023,ORL,1610612753,GSW,1610612744,93,101,0,regular
0022301050,2024-03-27,2023,WAS,1610612764,BKN,1610612751,119,122,0,regular
0022301051,2024-03-27,2023,ATL,1610612737,POR,1610612757,120,106,1,regular
0022301052,2024-03-27,2023,PHI,1610612755,LAC,1610612746,107,108,0,regular
0022301053,2024-03-27,2023,TOR,1610612761,NYK,1610612752,101,145,0,regular
0022301054,2024-03-27,2023,CHI,1610612741,IND,1610612754,125,99,1,regular
0022301055,2024-03-27,2023,MEM,1610612763,LAL,1610612747,124,136,0,regular
0022301056,2024-03-27,2023,MIN,1610612750,DET,1610612765,106,91,1,regular
0022301057,2024-03-27,2023,OKC,1610612760,HOU,1610612745,126,132,0,regular
0022301058,2024-03-27,2023,UTA,1610612762,SAS,1610612759,111,118,0,regular
0022301059,2024-03-27,2023,DEN,1610612743,PHX,1610612756,97,104,0,regular
0022301060,2024-03-28,2023,ATL,1610612737,BOS,1610612738,123,122,1,regular
0022301061,2024-03-28,2023,NOP,1610612740,MIL,1610612749,107,100,1,regular
0022301062,2024-03-29,2023,CHA,1610612766,GSW,1610612744,97,115,0,regular
0022301063,2024-03-29,2023,IND,1610612754,LAL,1610612747,109,90,1,regular
0022301064,2024-03-29,2023,ORL,1610612753,LAC,1610612746,97,100,0,regular
0022301065,2024-03-29,2023,WAS,1610612764,DET,1610612765,87,96,0,regular
0022301066,2024-03-29,2023,BKN,1610612751,CHI,1610612741,125,108,1,regular
0022301067,2024-03-29,2023,CLE,1610612739,PHI,1610612755,117,114,1,regular
0022301068,2024-03-29,2023,MIA,1610612748,POR,1610612757,142,82,1,regular
0022301069,2024-03-29,2023,OKC,1610612760,PHX,1610612756,128,103,1,regular
0022301070,2024-03-29,2023,SAS,1610612759,NYK,1610612752,130,126,1,regular
0022301071,2024-03-29,2023,DEN,1610612743,MIN,1610612750,98,111,0,regular
0022301072,2024-03-29,2023,UTA,1610612762,HOU,1610612745,100,101,0,regular
0022301073,2024-03-29,2023,SAC,1610612758,DAL,1610612742,103,107,0,regular
0022301074,2024-03-30,2023,NOP,1610612740,BOS,1610612738,92,104,0,regular
0022301075,2024-03-30,2023,ORL,1610612753,MEM,1610612763,118,88,1,regular
0022301076,2024-03-30,2023,ATL,1610612737,MIL,1610612749,113,122,0,regular
0022301077,2024-03-31,2023,DEN,1610612743,CLE,1610612739,130,101,1,regular
0022301078,2024-03-31,2023,BKN,1610612751,LAL,1610612747,104,116,0,regular
0022301079,2024-03-31,2023,CHA,1610612766,LAC,1610612746,118,130,0,regular
0022301080,2024-03-31,2023,TOR,1610612761,PHI,1610612755,120,135,0,regular
0022301081,2024-03-31,2023,WAS,1610612764,MIA,1610612748,107,119,0,regular
0022301082,2024-03-31,2023,NYK,1610612752,OKC,1610612760,112,113,0,regular
0022301083,2024-03-31,2023,HOU,1610612745,DAL,1610612742,107,125,0,regular
0022301084,2024-03-31,2023,MIN,1610612750,CHI,1610612741,101,109,0,regular
0022301085,2024-03-31,2023,SAS,1610612759,GSW,1610612744,113,117,0,regular
0022301086,2024-03-31,2023,SAC,1610612758,UTA,1610612762,127,106,1,regular
0022301087,2024-04-01,2023,CHA,1610612766,BOS,1610612738,104,118,0,regular
0022301088,2024-04-01,2023,DET,1610612765,MEM,1610612763,108,110,0,regular
0022301089,2024-04-01,2023,IND,1610612754,BKN,1610612751,133,111,1,regular
0022301090,2024-04-01,2023,ORL,1610612753,POR,1610612757,104,103,1,regular
0022301091,2024-04-01,2023,CHI,1610612741,ATL,1610612737,101,113,0,regular
0022301092,2024-04-01,2023,NOP,1610612740,PHX,1610612756,111,124,0,regular
0022300589,2024-04-02,2023,GSW,1610612744,DAL,1610612742,104,100,1,regular
0022301093,2024-04-02,2023,PHI,1610612755,OKC,1610612760,109,105,1,regular
0022301094,2024-04-02,2023,TOR,1610612761,LAL,1610612747,111,128,0,regular
0022301095,2024-04-02,2023,WAS,1610612764,MIL,1610612749,117,113,1,regular
0022301096,2024-04-02,2023,MIA,1610612748,NYK,1610612752,109,99,1,regular
0022301098,2024-04-02,2023,MIN,1610612750,HOU,1610612745,113,106,1,regular
0022301099,2024-04-02,2023,DEN,1610612743,SAS,1610612759,110,105,1,regular
0022301100,2024-04-02,2023,UTA,1610612762,CLE,1610612739,113,129,0,regular
0022301101,2024-04-02,2023,SAC,1610612758,LAC,1610612746,109,95,1,regular
0022301102,2024-04-03,2023,CHA,1610612766,POR,1610612757,86,89,0,regular
0022301103,2024-04-03,2023,WAS,1610612764,LAL,1610612747,120,125,0,regular
0022301104,2024-04-03,2023,ATL,1610612737,DET,1610612765,121,113,1,regular
0022301105,2024-04-03,2023,BOS,1610612738,OKC,1610612760,135,100,1,regular
0022301106,2024-04-03,2023,BKN,1610612751,IND,1610612754,115,111,1,regular
0022301107,2024-04-03,2023,MIL,1610612749,MEM,1610612763,101,111,0,regular
0022301108,2024-04-03,2023,MIN,1610612750,TOR,1610612761,133,85,1,regular
0022301109,2024-04-03,2023,NOP,1610612740,ORL,1610612753,108,117,0,regular
0022301110,2024-04-03,2023,PHX,1610612756,CLE,1610612739,122,101,1,regular
0022301111,2024-04-04,2023,MIA,1610612748,PHI,1610612755,105,109,0,regular
0022301112,2024-04-04,2023,NYK,1610612752,SAC,1610612758,120,109,1,regular
0022301113,2024-04-04,2023,HOU,1610612745,GSW,1610612744,110,133,0,regular
0022301114,2024-04-04,2023,LAC,1610612746,DEN,1610612743,102,100,1,regular
0022301124,2024-04-04,2023,DAL,1610612742,ATL,1610612737,109,95,1,regular
0022301097,2024-04-05,2023,DAL,1610612742,GSW,1610612744,108,106,1,regular
0022301115,2024-04-05,2023,CHA,1610612766,ORL,1610612753,124,115,1,regular
0022301116,2024-04-05,2023,IND,1610612754,OKC,1610612760,126,112,1,regular
0022301117,2024-04-05,2023,WAS,1610612764,POR,1610612757,102,108,0,regular
0022301118,2024-04-05,2023,BOS,1610612738,SAC,1610612758,101,100,1,regular
0022301119,2024-04-05,2023,CHI,1610612741,NYK,1610612752,108,100,1,regular
0022301120,2024-04-05,2023,HOU,1610612745,MIA,1610612748,104,119,0,regular
0022301121,2024-04-05,2023,MEM,1610612763,DET,1610612765,108,90,1,regular
0022301122,2024-04-05,2023,MIL,1610612749,TOR,1610612761,111,117,0,regular
0022301123,2024-04-05,2023,NOP,1610612740,SAS,1610612759,109,111,0,regular
0022301125,2024-04-05,2023,PHX,1610612756,MIN,1610612750,97,87,1,regular
0022301126,2024-04-05,2023,LAC,1610612746,UTA,1610612762,131,102,1,regular
0022301127,2024-04-06,2023,LAL,1610612747,CLE,1610612739,116,97,1,regular
0022301128,2024-04-06,2023,BKN,1610612751,DET,1610612765,113,103,1,regular
0022301129,2024-04-06,2023,MEM,1610612763,PHI,1610612755,96,116,0,regular
0022301130,2024-04-06,2023,DEN,1610612743,ATL,1610612737,142,110,1,regular
0022301131,2024-04-07,2023,DAL,1610612742,HOU,1610612745,147,136,1,regular
0022301132,2024-04-07,2023,LAC,1610612746,CLE,1610612739,120,118,1,regular
0022301133,2024-04-07,2023,IND,1610612754,MIA,1610612748,117,115,1,regular
0022301134,2024-04-07,2023,BOS,1610612738,POR,1610612757,124,107,1,regular
0022301135,2024-04-07,2023,CHA,1610612766,OKC,1610612760,118,121,0,regular
0022301136,2024-04-07,2023,ORL,1610612753,CHI,1610612741,113,98,1,regular
0022301137,2024-04-07,2023,TOR,1610612761,WAS,1610612764,130,122,1,regular
0022301138,2024-04-07,2023,PHX,1610612756,NOP,1610612740,105,113,0,regular
0022301139,2024-04-07,2023,MIL,1610612749,NYK,1610612752,109,122,0,regular
0022301140,2024-04-07,2023,SAS,1610612759,PHI,1610612755,126,133,0,regular
0022301141,2024-04-07,2023,BKN,1610612751,SAC,1610612758,77,107,0,regular
0022301142,2024-04-07,2023,GSW,1610612744,UTA,1610612762,118,110,1,regular
0022301143,2024-04-07,2023,LAL,1610612747,MIN,1610612750,117,127,0,regular
0022301144,2024-04-09,2023,CHA,1610612766,DAL,1610612742,104,130,0,regular
0022301145,2024-04-09,2023,PHI,1610612755,DET,1610612765,120,102,1,regular
0022301146,2024-04-09,2023,TOR,1610612761,IND,1610612754,123,140,0,regular
0022301147,2024-04-09,2023,ATL,1610612737,MIA,1610612748,111,117,0,regular
0022301148,2024-04-09,2023,MIL,1610612749,BOS,1610612738,104,91,1,regular
0022301149,2024-04-09,2023,CHI,1610612741,NYK,1610612752,117,128,0,regular
0022301150,2024-04-09,2023,HOU,1610612745,ORL,1610612753,118,106,1,regular
0022301151,2024-04-09,2023,MEM,1610612763,SAS,1610612759,87,102,0,regular
0022301152,2024-04-09,2023,MIN,1610612750,WAS,1610612764,130,121,1,regular
0022301153,2024-04-09,2023,OKC,1610612760,SAC,1610612758,112,105,1,regular
0022301154,2024-04-09,2023,UTA,1610612762,DEN,1610612743,95,111,0,regular
0022301155,2024-04-09,2023,LAL,1610612747,GSW,1610612744,120,134,0,regular
0022301156,2024-04-09,2023,PHX,1610612756,LAC,1610612746,92,105,0,regular
0022301157,2024-04-09,2023,POR,1610612757,NOP,1610612740,100,110,0,regular
0022301158,2024-04-10,2023,CLE,1610612739,MEM,1610612763,110,98,1,regular
0022301159,2024-04-10,2023,ATL,1610612737,CHA,1610612766,114,115,0,regular
0022301160,2024-04-10,2023,BKN,1610612751,TOR,1610612761,106,102,1,regular
0022301161,2024-04-10,2023,MIA,1610612748,DAL,1610612742,92,111,0,regular
0022301162,2024-04-10,2023,MIL,1610612749,ORL,1610612753,117,99,1,regular
0022301163,2024-04-10,2023,OKC,1610612760,SAS,1610612759,127,89,1,regular
0022301164,2024-04-10,2023,DEN,1610612743,MIN,1610612750,116,107,1,regular
0022301165,2024-04-10,2023,LAC,1610612746,PHX,1610612756,108,124,0,regular
0022301166,2024-04-11,2023,DET,1610612765,CHI,1610612741,105,127,0,regular
0022301167,2024-04-11,2023,BOS,1610612738,NYK,1610612752,109,118,0,regular
0022301168,2024-04-11,2023,UTA,1610612762,HOU,1610612745,124,121,1,regular
0022301169,2024-04-11,2023,POR,1610612757,GSW,1610612744,92,100,0,regular
0022301170,2024-04-11,2023,SAC,1610612758,NOP,1610612740,123,135,0,regular
0022301171,2024-04-12,2023,PHI,1610612755,ORL,1610612753,125,113,1,regular
0022301172,2024-04-12,2023,WAS,1610612764,CHI,1610612741,127,129,0,regular
0022301173,2024-04-12,2023,BOS,1610612738,CHA,1610612766,131,98,1,regular
0022301174,2024-04-12,2023,CLE,1610612739,IND,1610612754,129,120,1,regular
0022301175,2024-04-12,2023,NYK,1610612752,BKN,1610612751,111,107,1,regular
0022301176,2024-04-12,2023,MIA,1610612748,TOR,1610612761,125,103,1,regular
0022301177,2024-04-12,2023,MEM,1610612763,LAL,1610612747,120,123,0,regular
0022301178,2024-04-12,2023,MIN,1610612750,ATL,1610612737,109,106,1,regular
0022301179,2024-04-12,2023,OKC,1610612760,MIL,1610612749,125,107,1,regular
0022301180,2024-04-12,2023,SAS,1610612759,DEN,1610612743,121,120,1,regular
0022301181,2024-04-12,2023,DAL,1610612742,DET,1610612765,89,107,0,regular
0022301182,2024-04-12,2023,GSW,1610612744,NOP,1610612740,109,114,0,regular
0022301183,2024-04-12,2023,POR,1610612757,HOU,1610612745,107,116,0,regular
0022301184,2024-04-12,2023,LAC,1610612746,UTA,1610612762,109,110,0,regular
0022301185,2024-04-12,2023,SAC,1610612758,PHX,1610612756,107,108,0,regular
0022301186,2024-04-14,2023,BOS,1610612738,WAS,1610612764,132,122,1,regular
0022301187,2024-04-14,2023,CLE,1610612739,CHA,1610612766,110,120,0,regular
0022301188,2024-04-14,2023,IND,1610612754,ATL,1610612737,157,115,1,regular
0022301189,2024-04-14,2023,MIA,1610612748,TOR,1610612761,118,103,1,regular
0022301190,2024-04-14,2023,NYK,1610612752,CHI,1610612741,120,119,1,regular
0022301191,2024-04-14,2023,ORL,1610612753,MIL,1610612749,113,88,1,regular
0022301192,2024-04-14,2023,PHI,1610612755,BKN,1610612751,107,86,1,regular
0022301193,2024-04-14,2023,MEM,1610612763,DEN,1610612743,111,126,0,regular
0022301194,2024-04-14,2023,MIN,1610612750,PHX,1610612756,106,125,0,regular
0022301195,2024-04-14,2023,NOP,1610612740,LAL,1610612747,108,124,0,regular
0022301196,2024-04-14,2023,OKC,1610612760,DAL,1610612742,135,86,1,regular
0022301197,2024-04-14,2023,SAS,1610612759,DET,1610612765,123,95,1,regular
0022301198,2024-04-14,2023,GSW,1610612744,UTA,1610612762,123,116,1,regular
0022301199,2024-04-14,2023,LAC,1610612746,HOU,1610612745,105,116,0,regular
0022301200,2024-04-14,2023,SAC,1610612758,POR,1610612757,121,82,1,regular
